tradeDate,stockCode,stockName,openPrice,highPrice,lowPrice,closePrice,changeSign,change,totalShares,totalAmount,foreignNetShares,investmentNetShares,dealerNetShares,foreignBuyShares,investmentBuyShares,dealerBuyShares,foreignSellShares,investmentSellShares,dealerSellShares
20260902,00858,永豐美國500大,35.56,35.59,35.51,35.59,-,0.11,404000,14353990.0,396,0,-109809,396,0,78000,0,0,187809
20260902,00877,復華中國5G,36.86,36.9,36.33,36.75,-,0.5,1604000,58723950.0,-68000,0,-78641,113000,0,391999,181000,0,470640
20260902,00886,永豐美國科技,46.91,46.91,46.91,46.91,-,0.29,40000,1876400.0,0,0,-139,0,0,40000,0,0,40139
20260902,00887,永豐中國科技50大,16.03,16.1,15.8,15.89,-,0.24,4267000,67847970.0,-125000,0,-117796,317000,0,585055,442000,0,702851
20260902,00888,永豐台灣ESG,33.89,34.0,33.5,33.54,-,0.54,5078000,170801160.0,-1265738,0,-1594904,313262,0,590000,1579000,0,2184904
20260902,00928,中信上櫃ESG 30,33.67,33.67,33.11,33.12,-,0.6,324000,10812090.0,-56100,0,-11413,35000,0,114211,91100,0,125624
20260902,00955,中信日本商社,15.74,15.76,15.57,15.76,-,0.17,2868000,44938490.0,264760,0,373811,343000,0,1275013,78240,0,901202
20260902,1240,茂生農經,55.0,55.8,54.8,55.2,,0.0,43000,2373200.0,6000,0,406,6000,0,1000,0,0,594
20260902,1264,德麥,253.0,253.5,251.5,252.5,-,0.5,9000,2270000.0,-60,0,355,1000,0,1000,1060,0,645
20260902,1268,漢來美食,182.5,183.0,181.0,181.5,-,1.0,53000,9622000.0,-32000,0,0,0,0,0,32000,0,0
20260902,1294,漢田生技,53.8,53.8,53.6,53.6,-,0.3,12000,644200.0,3000,0,-14,3000,0,0,0,0,14
20260902,1295,生合,45.5,45.5,45.25,45.45,-,0.05,17000,771900.0,3000,0,0,3000,0,0,0,0,0
20260902,1336,台翰,16.95,17.1,16.6,16.65,-,0.35,217000,3638850.0,-42980,0,0,7021,0,0,50001,0,0
20260902,1565,精華,99.5,100.5,98.7,100.5,+,0.9,164000,16380400.0,66183,0,38068,70183,0,38068,4000,0,0
20260902,1569,濱川,46.35,48.0,45.95,47.9,+,1.55,644000,30332550.0,144023,0,1020,237023,0,2200,93000,0,1180
20260902,1570,力肯,33.1,33.2,32.9,33.15,+,0.05,35000,1156000.0,-1000,0,0,0,0,0,1000,0,0
20260902,1580,新麥,104.0,104.0,102.0,103.0,-,1.5,129000,13218000.0,-19000,0,-88,1000,0,4000,20000,0,4088
20260902,1584,精剛,18.3,18.3,17.9,18.05,-,0.2,358000,6455800.0,-5016,0,296,52000,0,1000,57016,0,704
20260902,1586,和勤,18.15,18.2,18.05,18.15,+,0.1,77000,1393200.0,13345,0,0,19345,0,0,6000,0,0
20260902,1591,駿吉-KY,37.0,37.0,36.0,36.3,-,0.35,212000,7699150.0,74989,0,-1,107009,0,0,32020,0,1
20260902,1593,祺驊,31.45,31.6,31.45,31.6,-,0.05,7000,221000.0,4000,0,-2,4000,0,0,0,0,2
20260902,1595,川寶,66.5,73.0,65.0,73.0,+,6.6,730000,51647800.0,18000,0,2782,158000,0,3828,140000,0,1046
20260902,1599,宏佳騰,22.9,22.95,22.9,22.9,-,0.05,8000,183300.0,0,0,0,1000,0,0,1000,0,0
20260902,1742,台蠟,18.05,18.05,17.6,17.9,,0.0,74000,1311450.0,0,0,0,2000,0,0,2000,0,0
20260902,1777,生泰,74.1,74.4,73.5,74.4,+,0.2,64000,4723900.0,5000,0,900,9000,0,1000,4000,0,100
20260902,1780,立弘,24.6,24.6,24.15,24.55,-,0.05,35000,850050.0,11000,0,0,14000,0,0,3000,0,0
20260902,1781,合世,10.45,10.45,10.35,10.35,-,0.05,11000,114400.0,2000,0,-4,3000,0,0,1000,0,4
20260902,1784,訊聯,60.1,60.4,59.7,60.3,-,0.2,55000,3298600.0,11000,0,-392,18000,0,1000,7000,0,1392
20260902,1785,光洋科,103.0,104.0,102.0,102.0,-,1.0,3283000,336921500.0,-649286,0,-321,607258,0,22000,1256544,0,22321
20260902,1788,杏昌,129.0,129.0,129.0,129.0,,0.0,12000,1548000.0,-3000,0,0,0,0,0,3000,0,0
20260902,1796,金穎生技,30.3,30.3,29.9,29.9,,0.0,7000,210000.0,0,0,0,2000,0,0,2000,0,0
20260902,1799,易威,30.4,30.55,30.1,30.15,-,0.35,50000,1516200.0,-12000,0,0,1000,0,0,13000,0,0
20260902,1813,寶利徠,11.4,11.5,11.35,11.5,,0.0,9000,102750.0,-1000,0,0,0,0,0,1000,0,0
20260902,1815,富喬,128.5,139.0,126.0,131.0,+,2.0,121340000,16000762000.0,-2559447,96000,-169363,36410235,96000,1147545,38969682,0,1316908
20260902,2061,風青,55.0,56.1,53.7,56.0,+,1.0,2068000,113610400.0,-341539,0,367,314853,0,1370,656392,0,1003
20260902,2063,世鎧,24.05,24.05,23.85,24.0,-,0.05,32000,767400.0,2000,0,-106,3000,0,0,1000,0,106
20260902,2064,晉椿,12.4,12.4,12.35,12.35,-,0.05,3000,37100.0,2000,0,0,2000,0,0,0,0,0
20260902,2065,世豐,36.5,36.5,36.1,36.2,-,0.35,58000,2105600.0,-8000,0,155,0,0,155,8000,0,0
20260902,2066,世德,54.7,55.0,54.0,54.1,-,0.1,17000,922800.0,0,0,0,2000,0,0,2000,0,0
20260902,2067,嘉鋼,4.8,4.88,4.76,4.84,-,0.08,34000,164340.0,0,0,-62,0,0,0,0,0,62
20260902,2070,精湛,68.1,69.4,66.4,66.4,-,1.7,174000,11741300.0,-31142,0,0,29894,0,0,61036,0,0
20260902,2221,大甲,78.5,85.4,78.1,83.2,+,5.5,3198000,266723500.0,76459,0,792,779386,0,15158,702927,0,14366
20260902,2230,泰茂,22.75,23.05,22.4,22.65,+,0.55,76000,1726200.0,21000,0,339,36000,0,613,15000,0,274
20260902,2596,綠意,35.3,35.85,35.3,35.75,+,0.55,109000,3878950.0,43000,0,0,45000,0,0,2000,0,0
20260902,2640,大車隊,157.5,158.5,156.5,158.5,+,2.0,33000,5203000.0,-3000,0,-414,3000,0,586,6000,0,1000
20260902,2641,正德,17.95,18.15,17.8,17.9,,0.0,1122000,20101050.0,-189000,0,-1174,221000,0,0,410000,0,1174
20260902,2643,捷迅,62.6,62.6,62.6,62.6,-,0.6,7000,438200.0,-1000,0,0,4000,0,0,5000,0,0
20260902,2718,全心投控,41.65,41.7,41.65,41.7,-,0.1,10000,416850.0,0,-1115,0,2000,0,0,2000,1115,0
20260902,2724,藝舍-KY,10.9,10.9,10.4,10.4,-,0.5,12000,127950.0,0,0,-525,0,0,0,0,0,525
20260902,2729,瓦城,154.5,156.0,153.5,155.0,,0.0,15000,2315500.0,3000,0,517,4000,0,1000,1000,0,483
20260902,2732,六角,65.2,65.7,64.6,65.3,+,0.1,71000,4633100.0,7000,0,749,12000,0,2000,5000,0,1251
20260902,2734,易飛網,14.95,15.0,14.8,14.95,-,0.05,27000,403300.0,-4000,0,0,0,0,0,4000,0,0
20260902,2736,富野,11.7,11.7,11.45,11.55,-,0.2,87000,1002650.0,5000,0,-5,5000,0,0,0,0,5
20260902,2743,山富,58.7,58.8,58.0,58.8,-,0.2,45000,2632300.0,14260,0,-3916,22260,0,418,8000,0,4334
20260902,2745,五福,88.3,88.3,87.9,87.9,-,0.4,26000,2288600.0,-1000,0,-50,6000,0,0,7000,0,50
20260902,2751,王座,51.7,51.7,51.4,51.7,+,0.1,10000,515800.0,4000,0,0,4000,0,0,0,0,0
20260902,2754,亞洲藏壽司,69.4,69.5,69.4,69.5,,0.0,2000,138900.0,0,0,735,0,0,1000,0,0,265
20260902,2755,揚秦,102.0,102.5,102.0,102.5,+,0.5,5000,510500.0,1000,0,-6,1000,0,0,0,0,6
20260902,2756,聯發國際,62.5,64.0,62.0,64.0,+,1.7,20000,1247300.0,6000,0,0,6000,0,0,0,0,0
20260902,2926,誠品生活,30.3,30.7,30.1,30.7,+,0.1,4000,121800.0,1000,0,0,1000,0,0,0,0,0
20260902,3066,李洲,25.25,27.35,25.2,25.8,+,0.25,2077000,54841850.0,78348,0,-57,532901,0,3054,454553,0,3111
20260902,3071,協禧,24.55,24.9,24.35,24.5,-,0.2,122000,2987050.0,-36000,0,-209,20000,0,0,56000,0,209
20260902,3073,天方能源,22.0,22.15,21.85,22.0,-,0.15,73000,1611150.0,-9000,0,0,1000,0,0,10000,0,0
20260902,3078,僑威,48.5,48.5,47.75,47.8,-,0.65,777000,37219450.0,-247600,-13715,-14280,31400,0,11000,279000,13715,25280
20260902,3081,聯亞,3425.0,3565.0,3375.0,3395.0,-,30.0,3191000,11084430000.0,102655,-78000,13,1172985,45000,129293,1070330,123000,129280
20260902,3083,網龍,23.2,23.25,23.15,23.25,,0.0,30000,695850.0,4000,0,0,4000,0,0,0,0,0
20260902,3086,華義*,32.5,32.5,30.05,31.15,-,1.55,339000,10555000.0,-30000,0,6217,37000,0,8074,67000,0,1857
20260902,3088,艾訊,126.0,126.5,123.0,123.0,-,2.5,401000,49981500.0,-127921,0,2518,63312,0,7012,191233,0,4494
20260902,3093,港建*,48.25,48.25,46.5,46.6,-,1.6,372000,17488150.0,-117000,0,297,73000,0,3000,190000,0,2703
20260902,3105,穩懋,484.0,492.0,468.0,469.5,-,22.5,41055000,19609244000.0,-6852462,95000,-427534,8203409,96000,783195,15055871,1000,1210729
20260902,3114,好德,34.4,35.2,34.0,34.65,+,0.5,538000,18682000.0,-27100,0,-274,131000,0,2001,158100,0,2275
20260902,3122,笙泉,25.95,25.95,25.5,25.65,-,0.5,74000,1894900.0,10000,0,-7,10000,0,0,0,0,7
20260902,3128,昇銳,20.1,20.3,20.0,20.3,+,0.2,68000,1370450.0,24000,0,-19,35000,0,0,11000,0,19
20260902,3131,弘塑,2450.0,2460.0,2395.0,2405.0,-,75.0,266000,645035000.0,-6803,15000,-15731,101197,18000,4902,108000,3000,20633
20260902,3141,晶宏,93.5,99.5,91.6,99.5,+,9.0,18047000,1747421000.0,38421,0,-33350,3773421,0,107090,3735000,0,140440
20260902,3147,大綜,222.0,222.0,218.0,220.5,+,1.5,201000,44149000.0,-7175,0,-5,62000,0,1000,69175,0,1005
20260902,3152,璟德,239.0,242.0,239.0,240.0,-,2.5,73000,17544000.0,5075,0,-2435,32075,0,55,27000,0,2490
20260902,3162,精確,71.2,73.0,71.0,71.2,-,0.7,558000,40130100.0,-35967,0,-3261,126033,0,2277,162000,0,5538
20260902,3163,波若威,749.0,767.0,749.0,766.0,+,5.0,667000,507855000.0,138661,0,2810,180385,0,10000,41724,0,7190
20260902,3169,亞信,116.0,121.0,110.0,110.0,-,0.5,2562000,296354500.0,-591794,0,-533,248206,0,16349,840000,0,16882
20260902,3171,炎洲流通,63.0,63.1,62.5,63.0,+,0.1,42000,2637900.0,8000,0,125,8000,0,125,0,0,0
20260902,3176,基亞,35.4,35.55,34.7,35.1,-,0.05,476000,16727100.0,-67435,0,-788,98553,0,1000,165988,0,1788
20260902,3178,公準,62.5,63.6,62.5,62.6,+,0.6,71000,4465200.0,17000,0,224,35000,0,261,18000,0,37
20260902,3188,鑫龍騰,24.45,24.75,24.45,24.45,-,0.2,126000,3092250.0,-7000,0,0,24000,0,0,31000,0,0
20260902,3191,雲嘉南,17.8,17.8,17.0,17.35,-,0.25,70000,1200450.0,28000,0,0,29000,0,0,1000,0,0
20260902,3205,佰研,46.65,47.5,46.65,47.45,+,0.4,21000,992100.0,1000,0,4,2000,0,4,1000,0,0
20260902,3206,志豐,34.2,34.25,34.05,34.05,-,0.1,11000,375550.0,1000,0,0,1000,0,0,0,0,0
20260902,3207,耀勝,38.1,40.6,38.05,40.2,+,1.6,188000,7454200.0,56000,0,1210,92000,0,1248,36000,0,38
20260902,3211,順達,399.0,400.5,392.0,392.0,-,14.0,2717000,1073330500.0,-579291,16000,-198462,413564,16000,36760,992855,0,235222
20260902,3213,茂訊,128.0,128.5,126.0,127.0,-,1.5,190000,24118500.0,-77390,0,3377,23000,0,6000,100390,0,2623
20260902,3217,優群,137.5,137.5,135.5,135.5,-,2.5,342000,46685000.0,-167000,0,116,34000,0,12000,201000,0,11884
20260902,3218,大學光,142.0,145.0,140.0,140.5,-,2.5,191000,27109500.0,-44000,0,739,27000,0,1020,71000,0,281
20260902,3219,倚強科,88.0,94.6,88.0,90.4,+,1.2,1204000,111092400.0,406737,0,-26296,574117,0,22922,167380,0,49218
20260902,3221,台嘉碩,50.3,52.1,50.0,51.0,-,0.3,4214000,215209300.0,-1180900,0,-564,766100,0,7150,1947000,0,7714
20260902,3224,三顧,34.75,34.75,34.05,34.25,,0.0,17000,581300.0,-3000,0,0,0,0,0,3000,0,0
20260902,3226,龍鋒,54.0,54.0,53.5,54.0,+,0.1,13000,701500.0,-2000,0,0,0,0,0,2000,0,0
20260902,3227,原相,195.0,199.5,195.0,195.5,-,1.0,429000,84435000.0,67716,-11000,269,199044,2000,7000,131328,13000,6731
20260902,3228,金麗科,178.0,188.0,175.0,179.0,-,1.0,605000,110088000.0,-49989,0,43071,22011,0,64970,72000,0,21899
20260902,3230,錦明,44.7,45.5,44.1,44.1,-,0.6,364000,16193900.0,-45100,0,-386,34000,0,1000,79100,0,1386
20260902,3232,昱捷,19.8,19.8,19.55,19.65,-,0.1,15000,294300.0,3000,0,-5,3000,0,0,0,0,5
20260902,3234,光環,199.0,220.0,199.0,211.0,+,11.0,7818000,1669638500.0,1674026,0,13626,2621156,0,70616,947130,0,56990
20260902,3236,千如,43.9,44.3,43.75,43.8,-,1.1,1142000,50156300.0,-205000,0,-8487,207000,0,3000,412000,0,11487
20260902,3252,海灣,15.85,15.85,15.45,15.45,-,0.05,15000,233500.0,-1000,0,0,0,0,0,1000,0,0
20260902,3260,威剛,411.0,415.5,409.0,412.5,+,0.5,3520000,1454860500.0,800992,-87000,79114,1574735,0,101122,773743,87000,22008
20260902,3264,欣銓,234.0,239.5,232.0,233.5,-,4.0,5024000,1179300500.0,667729,-768000,-175783,2433343,216000,47001,1765614,984000,222784
20260902,3265,台星科,180.5,183.5,176.5,178.5,-,4.0,1219000,218537000.0,-230754,-27000,1797,324351,0,16272,555105,27000,14475
20260902,3268,海德威,17.35,17.75,17.35,17.75,,0.0,12000,210600.0,0,0,0,2000,0,0,2000,0,0
20260902,3272,東碩,14.2,14.2,14.0,14.2,-,0.05,8000,113150.0,2000,0,0,2000,0,0,0,0,0
20260902,3276,宇環,14.45,14.45,14.2,14.35,-,0.15,81000,1157150.0,-21000,0,-4,2000,0,1,23000,0,5
20260902,3284,太普高,20.35,20.85,20.35,20.6,-,0.05,56000,1152050.0,10000,0,583,16000,0,682,6000,0,99
20260902,3285,微端,43.1,43.1,42.0,42.1,-,1.05,18000,763700.0,-3000,0,0,5000,0,0,8000,0,0
20260902,3287,廣寰科,37.6,38.3,37.3,37.6,-,0.1,179000,6770050.0,23010,0,0,49010,0,0,26000,0,0
20260902,3288,點晶,21.2,21.2,20.45,21.1,,0.0,22000,458950.0,0,0,-1036,2000,0,0,2000,0,1036
20260902,3289,宜特,142.0,147.0,141.0,141.5,-,1.5,871000,125334000.0,-32763,0,-6125,164237,0,18218,197000,0,24343
20260902,3290,東浦,49.55,49.6,48.7,48.7,-,0.9,430000,21099650.0,-176000,0,15464,79000,0,65000,255000,0,49536
20260902,3293,鈊象,701.0,710.0,700.0,708.0,-,3.0,3850000,2709205000.0,674796,-1952000,9167,1952915,39000,162000,1278119,1991000,152833
20260902,3294,英濟,30.1,30.6,30.1,30.2,-,0.4,218000,6608000.0,16151,0,365,90151,0,2000,74000,0,1635
20260902,3297,杭特,28.8,28.8,27.6,27.6,-,0.2,30000,832700.0,-2000,0,-134,4000,0,1000,6000,0,1134
20260902,3303,岱稜,51.6,51.6,51.3,51.6,-,0.2,117000,6021600.0,-21140,0,-954,6000,0,0,27140,0,954
20260902,3306,鼎天,44.5,44.9,44.5,44.85,,0.0,26000,1165600.0,7000,0,1,8000,0,1,1000,0,0
20260902,3310,佳穎,69.7,69.7,68.2,69.2,+,0.4,23000,1583000.0,1000,0,0,5000,0,0,4000,0,0
20260902,3313,斐成,10.95,11.1,10.9,10.95,+,0.05,112000,1228300.0,31000,0,0,33000,0,0,2000,0,0
20260902,3317,尼克森,63.3,63.5,62.5,62.5,-,0.7,590000,37093700.0,56367,0,-64,229608,0,0,173241,0,64
20260902,3322,建舜電,11.25,11.35,11.1,11.15,-,0.1,176000,1972000.0,18000,0,-521,47000,0,483,29000,0,1004
20260902,3323,加百裕,29.6,29.7,29.15,29.4,,0.0,117000,3445650.0,55000,0,-1155,71000,0,0,16000,0,1155
20260902,3324,雙鴻,1375.0,1465.0,1370.0,1435.0,+,60.0,10591000,15056220000.0,1757004,-297000,-198696,4753372,0,375296,2996368,297000,573992
20260902,3325,旭品,11.3,11.4,11.1,11.25,-,0.1,120000,1344300.0,9000,0,-311,11000,0,0,2000,0,311
20260902,3332,幸康,61.8,61.8,61.0,61.0,-,0.8,11000,674600.0,-1000,0,0,0,0,0,1000,0,0
20260902,3339,泰谷,49.0,49.0,46.3,46.7,-,0.7,4920000,234099800.0,-989268,0,23,655805,0,14000,1645073,0,13977
20260902,3349,寶德,22.9,22.9,22.35,22.8,-,0.1,13000,296350.0,0,0,0,1000,0,0,1000,0,0
20260902,3354,律勝,23.55,26.05,23.55,26.05,+,2.35,952000,24270450.0,197000,0,-751,321000,0,249,124000,0,1000
20260902,3357,臺慶科,212.0,214.5,208.5,209.0,-,6.5,1093000,230108500.0,-327099,0,-13257,210000,0,15000,537099,0,28257
20260902,3360,尚立,15.35,15.4,15.2,15.2,-,0.15,312000,4774400.0,38180,0,-394,95180,0,1022,57000,0,1416
20260902,3362,先進光,202.5,213.0,201.0,210.0,+,10.0,2301000,478436500.0,684525,0,119278,704025,0,123335,19500,0,4057
20260902,3363,上詮,786.0,818.0,757.0,780.0,-,6.0,6583000,5211618000.0,-276823,0,20604,1681870,0,69629,1958693,0,49025
20260902,3372,典範,14.9,14.95,14.8,14.95,,0.0,261000,3872350.0,-26383,0,-20409,9129,0,2000,35512,0,22409
20260902,3373,熱映,16.35,16.45,16.35,16.4,-,0.05,24000,393800.0,1000,0,0,7000,0,0,6000,0,0
20260902,3374,精材,418.0,430.0,413.0,419.5,-,2.0,3650000,1535702500.0,579538,-2000,-220829,957165,0,68785,377627,2000,289614
20260902,3379,彬台,28.25,29.15,28.25,29.1,-,0.05,20000,579300.0,6000,0,434,9000,0,434,3000,0,0
20260902,3388,崇越電,90.8,91.2,90.0,91.0,-,0.7,781000,70736100.0,154664,0,-31030,296064,0,4140,141400,0,35170
20260902,3390,旭軟,22.4,22.45,22.2,22.3,-,0.1,143000,3186150.0,59000,0,0,86000,0,0,27000,0,0
20260902,3402,漢科,124.5,124.5,121.0,121.0,-,2.0,182000,22204500.0,-46000,0,-483,41000,0,3000,87000,0,3483
20260902,3430,奇鈦科,113.0,113.5,111.0,111.0,-,2.0,168000,18724500.0,-15678,0,-481,30322,0,2000,46000,0,2481
20260902,3434,哲固,29.7,30.3,29.7,29.75,+,0.05,27000,805950.0,1000,0,200,5000,0,1000,4000,0,800
20260902,3438,類比科,66.7,67.2,66.0,67.2,+,0.5,255000,17042900.0,9573,0,98,49766,0,103,40193,0,5
20260902,3441,聯一光,133.0,140.0,130.0,139.5,+,6.5,3875000,532772500.0,210663,0,6000,606145,0,10000,395482,0,4000
20260902,3444,利機,81.3,83.8,81.3,83.7,+,2.0,279000,23064200.0,85000,0,5963,133000,0,6611,48000,0,648
20260902,3455,由田,263.5,270.0,255.0,256.5,-,8.5,2396000,626975000.0,-270343,0,4351,487185,0,41836,757528,0,37485
20260902,3465,進泰電子,29.3,29.3,29.0,29.0,-,0.3,12000,349950.0,-1000,0,0,0,0,0,1000,0,0
20260902,3466,德晉,25.0,25.25,24.75,24.95,-,0.05,116000,2894300.0,32000,0,-684,56000,0,4000,24000,0,4684
20260902,3467,台灣精材,49.1,50.5,49.1,49.55,+,0.45,34000,1689600.0,13000,0,4000,13000,0,4000,0,0,0
20260902,3479,安勤,126.0,126.5,123.5,124.0,-,1.5,439000,54773000.0,26000,0,-935,59000,0,10000,33000,0,10935
20260902,3483,力致,75.4,81.0,75.4,79.6,+,4.2,963000,76411200.0,92469,0,5685,294503,0,10518,202034,0,4833
20260902,3484,崧騰,51.0,51.1,49.95,51.0,+,1.4,527000,26789150.0,65093,0,-86,125183,0,254,60090,0,340
20260902,3485,敘豐,221.5,221.5,215.5,217.0,-,8.0,78000,17050500.0,8040,0,-1694,30040,0,0,22000,0,1694
20260902,3489,森寶,22.6,22.95,22.4,22.75,+,0.05,190000,4311000.0,-1897,0,98,16103,0,98,18000,0,0
20260902,3490,單井,46.0,46.45,43.9,46.05,-,0.1,4338000,197371500.0,-117044,0,10571,1226956,0,16000,1344000,0,5429
20260902,3491,昇達科,1445.0,1465.0,1405.0,1445.0,-,35.0,1148000,1653785000.0,-414430,-12000,-5377,169543,5000,15864,583973,17000,21241
20260902,3492,長盛,19.25,19.3,19.15,19.15,-,0.1,12000,230700.0,0,0,0,1000,0,0,1000,0,0
20260902,3498,陽程,203.0,213.0,195.0,201.5,-,2.0,3075000,630660500.0,-78917,0,-75088,950372,0,31189,1029289,0,106277
20260902,3499,環天科,12.65,12.65,12.3,12.4,-,0.25,34000,419950.0,0,0,-742,2000,0,0,2000,0,742
20260902,3508,位速,22.2,22.2,21.35,21.55,-,0.65,172000,3719600.0,-73000,0,0,12000,0,0,85000,0,0
20260902,3511,矽瑪,19.8,19.9,19.7,19.75,+,0.1,52000,1028250.0,-7000,0,0,11000,0,0,18000,0,0
20260902,3512,皇龍,19.7,19.7,19.5,19.7,,0.0,33000,646450.0,2000,0,0,2000,0,0,0,0,0
20260902,3516,亞帝歐,25.95,26.05,25.6,26.0,+,0.1,77000,1979300.0,46000,0,-512,51000,0,1690,5000,0,2202
20260902,3520,華盈,17.3,17.45,17.2,17.4,+,0.1,103000,1784200.0,-10999,0,0,30001,0,0,41000,0,0
20260902,3521,台鋼建設,12.1,12.25,12.0,12.25,+,0.15,29000,350750.0,4000,0,309,4000,0,309,0,0,0
20260902,3522,御嵿,11.65,12.0,11.65,11.7,+,0.1,100000,1184100.0,-9000,0,-40,3000,0,3,12000,0,43
20260902,3523,迎輝,14.85,14.85,14.85,14.85,-,0.3,5000,74250.0,1000,0,0,1000,0,0,0,0,0
20260902,3526,凡甲,285.0,287.0,284.5,284.5,-,0.5,107000,30552000.0,-14489,0,-931,23000,0,0,37489,0,931
20260902,3527,聚積,51.4,52.1,51.4,52.0,+,0.6,54000,2793700.0,13000,0,0,19000,0,0,6000,0,0
20260902,3529,力旺,2595.0,2600.0,2395.0,2395.0,-,245.0,1717000,4203630000.0,-251839,-40000,-36560,688473,15000,128300,940312,55000,164860
20260902,3537,堡達,55.1,55.1,54.4,54.5,-,0.8,276000,15064300.0,-78852,0,-182,28148,0,1007,107000,0,1189
20260902,3540,曜越,24.4,25.0,24.0,24.25,-,0.15,700000,16996100.0,-93000,0,413,73000,0,4000,166000,0,3587
20260902,3541,西柏,21.65,21.8,21.65,21.8,+,0.15,9000,195800.0,1000,0,0,1000,0,0,0,0,0
20260902,3546,宇峻,71.7,72.6,71.3,72.4,+,1.1,91000,6555100.0,14340,0,4629,30340,0,4630,16000,0,1
20260902,3548,兆利,86.0,86.8,85.1,85.1,-,0.4,224000,19241600.0,3040,0,-3116,65040,0,185,62000,0,3301
20260902,3551,世禾,180.5,183.5,180.0,180.0,-,1.0,209000,37982000.0,55496,0,-4205,100496,0,5000,45000,0,9205
20260902,3552,同致,43.1,43.5,43.1,43.45,+,0.4,63000,2728450.0,13272,0,0,25272,0,0,12000,0,0
20260902,3555,博士旺,205.0,206.0,192.0,197.0,-,8.0,240000,47515500.0,-12500,0,1888,41000,0,13001,53500,0,11113
20260902,3556,禾瑞亞,62.9,63.5,62.5,63.0,+,0.5,225000,14193400.0,90031,0,-2000,125049,0,0,35018,0,2000
20260902,3558,神準,124.0,125.5,122.5,123.5,+,0.5,80000,9954000.0,-42879,0,309,13121,0,1262,56000,0,953
20260902,3564,其陽,46.0,49.1,45.0,48.1,+,3.4,609000,28981000.0,38000,0,361,147000,0,3549,109000,0,3188
20260902,3567,逸昌,25.7,25.7,25.5,25.7,-,0.05,19000,486400.0,-2000,0,-137,0,0,0,2000,0,137
20260902,3570,大塚,162.5,163.5,162.0,163.5,+,0.5,24000,3904500.0,7000,0,0,7000,0,0,0,0,0
20260902,3577,泓格,115.0,116.0,113.0,113.0,-,2.0,320000,36603000.0,-85535,0,-3744,43120,0,3013,128655,0,6757
20260902,3580,友威科,83.7,90.1,83.1,89.0,+,5.8,618000,54066700.0,96960,0,4505,203060,0,8244,106100,0,3739
20260902,3581,博磊,111.0,117.5,108.0,111.5,-,2.0,497000,56489500.0,-96619,0,3755,137381,0,5628,234000,0,1873
20260902,3587,閎康,252.0,278.5,251.5,265.0,+,11.5,1837000,495206000.0,-247020,0,25565,427491,0,45737,674511,0,20172
20260902,3594,磐儀,48.5,50.9,47.55,48.9,-,1.6,1094000,54186000.0,-396000,0,-19761,148000,0,0,544000,0,19761
20260902,3597,映興,25.95,26.15,25.95,26.0,-,0.35,5000,130050.0,0,0,-2,0,0,0,0,0,2
20260902,3609,三一東林,18.15,18.15,17.55,18.0,-,0.05,102000,1828050.0,-9000,0,0,22000,0,0,31000,0,0
20260902,3611,鼎翰,183.5,184.0,183.0,184.0,+,1.0,17000,3119500.0,-2026,0,0,3000,0,0,5026,0,0
20260902,3615,安可,37.55,37.7,37.25,37.25,-,0.3,335000,12553700.0,62000,0,414,132000,0,2000,70000,0,1586
20260902,3623,富晶通,22.85,23.3,22.85,23.3,,0.0,22000,508850.0,4000,0,75,6000,0,75,2000,0,0
20260902,3624,光頡,89.8,92.9,89.0,89.0,-,1.2,4938000,447807500.0,-343352,0,10414,1497191,0,37106,1840543,0,26692
20260902,3625,西勝,12.8,13.5,12.65,13.15,+,0.35,186000,2422100.0,-11315,0,211,49690,0,1412,61005,0,1201
20260902,3628,盈正,67.8,69.3,67.7,69.2,+,0.7,28000,1913600.0,15000,0,1187,17000,0,1259,2000,0,72
20260902,3630,新鉅科,25.9,28.3,25.75,27.1,+,1.05,1816000,49499000.0,272833,0,2363,547534,0,3455,274701,0,1092
20260902,3631,晟楠,40.95,41.2,40.2,40.3,-,0.65,211000,8538250.0,-19000,0,-1,28000,0,0,47000,0,1
20260902,3632,研勤,7.32,7.35,7.32,7.35,+,0.03,2000,14670.0,-1,0,0,0,0,0,1,0,0
20260902,3646,艾恩特,23.9,23.9,23.6,23.75,+,0.1,5000,118900.0,1000,0,0,1000,0,0,0,0,0
20260902,3663,鑫科,62.6,64.0,62.4,62.6,+,0.1,299000,18827800.0,7730,0,325,88730,0,1358,81000,0,1033
20260902,3666,光耀,24.9,25.0,24.7,25.0,,0.0,68000,1692000.0,2000,0,0,7000,0,0,5000,0,0
20260902,3672,康聯訊,12.1,12.15,12.0,12.15,-,0.35,17000,205250.0,0,0,-87,0,0,0,0,0,87
20260902,3675,德微,280.0,280.5,273.5,274.0,-,4.5,330000,90940500.0,-51852,0,2109,88148,0,16002,140000,0,13893
20260902,3680,家登,541.0,544.0,518.0,520.0,-,22.0,2502000,1323481000.0,295058,0,-184635,942067,0,39656,647009,0,224291
20260902,3684,榮昌,53.2,54.1,53.2,54.0,+,0.8,18000,971300.0,-1000,0,192,0,0,192,1000,0,0
20260902,3685,元創精密,36.0,38.2,36.0,37.7,,0.0,1100000,41101750.0,181000,0,0,256000,0,0,75000,0,0
20260902,3687,歐買尬,64.3,64.5,63.2,63.7,-,0.1,47000,2988000.0,8000,0,0,11000,0,0,3000,0,0
20260902,3689,湧德,118.0,120.5,117.5,118.5,+,0.5,1442000,171553000.0,-58927,0,24590,221073,0,90276,280000,0,65686
20260902,3691,碩禾,105.5,107.0,101.5,101.5,-,5.0,575000,59403000.0,-153000,0,-9265,85000,0,4577,238000,0,13842
20260902,3693,營邦,627.0,654.0,626.0,642.0,+,18.0,2060000,1324240000.0,436009,0,58595,801054,0,163524,365045,0,104929
20260902,3707,漢磊,63.0,63.8,62.2,62.2,-,1.0,1990000,125036700.0,-643020,0,-150,397030,0,10364,1040050,0,10514
20260902,3709,鑫聯大投控,66.4,67.6,66.0,66.0,-,0.6,443000,29501000.0,27000,0,-3333,103000,0,6000,76000,0,9333
20260902,3710,連展投控,5.02,5.12,4.98,5.0,-,0.08,355000,1796830.0,30000,0,0,41000,0,0,11000,0,0
20260902,3713,新晶投控,14.85,14.85,14.25,14.7,-,0.05,22000,319000.0,0,0,0,2000,0,0,2000,0,0
20260902,4102,永日,19.25,19.25,18.85,19.15,-,0.1,16000,305600.0,-4000,0,314,0,0,314,4000,0,0
20260902,4105,東洋,77.5,78.0,77.5,77.7,-,0.2,205000,15920400.0,-7564,-12745,0,86471,0,0,94035,12745,0
20260902,4107,邦特,113.5,113.5,113.0,113.0,-,1.0,18000,2038500.0,0,0,0,2000,0,0,2000,0,0
20260902,4109,加捷生醫,11.2,11.25,11.1,11.1,-,0.1,131000,1460050.0,-1000,0,0,2000,0,0,3000,0,0
20260902,4111,濟生,28.7,28.85,28.6,28.75,,0.0,95000,2725250.0,-12000,0,0,0,0,0,12000,0,0
20260902,4113,聯上,15.1,15.15,15.0,15.1,+,0.1,197000,2962250.0,92000,0,93,93000,0,93,1000,0,0
20260902,4114,健喬,29.8,29.9,29.7,29.7,-,0.1,426000,12669750.0,5842,0,-4105,101000,0,3000,95158,0,7105
20260902,4116,明基醫,40.1,40.1,40.0,40.1,,0.0,12000,481100.0,0,0,0,1000,0,0,1000,0,0
20260902,4120,友華,47.4,47.4,45.0,47.3,-,0.1,38000,1761200.0,5000,0,0,6000,0,0,1000,0,0
20260902,4121,優盛,13.1,13.1,12.85,13.0,-,0.05,43000,555800.0,0,0,0,5000,0,0,5000,0,0
20260902,4123,晟德,31.0,31.0,30.65,30.85,-,0.2,1491000,45894850.0,-479000,0,-52622,154000,0,112000,633000,0,164622
20260902,4126,太醫,77.5,77.6,77.5,77.6,-,0.2,4000,310200.0,1000,0,-958,1000,0,42,0,0,1000
20260902,4127,天良,70.0,71.4,68.4,69.9,-,1.1,237000,16552400.0,62000,0,-487,94000,0,0,32000,0,487
20260902,4128,中天,15.0,15.05,14.85,14.9,-,0.1,624000,9331750.0,153529,0,208,254529,0,2217,101000,0,2009
20260902,4129,聯合,81.8,81.8,81.3,81.5,-,0.3,155000,12631000.0,-59000,0,0,15000,0,0,74000,0,0
20260902,4139,馬光-KY,43.6,45.1,42.1,42.45,-,0.5,43000,1855450.0,-7000,0,0,1000,0,0,8000,0,0
20260902,4147,中裕,62.5,63.4,62.2,63.4,+,1.0,510000,32061800.0,153835,0,331,277835,0,964,124000,0,633
20260902,4153,鈺緯,32.15,32.2,32.15,32.2,+,0.1,4000,128750.0,0,0,0,1000,0,0,1000,0,0
20260902,4157,太景*-KY,8.94,9.0,8.83,8.88,-,0.06,541000,4804650.0,98000,0,-554,192000,0,184,94000,0,738
20260902,4160,訊聯基因,39.5,39.85,39.3,39.85,+,0.25,26000,1026050.0,-3000,0,-12,0,0,0,3000,0,12
20260902,4162,智擎,58.5,58.5,57.4,57.7,-,0.7,283000,16354300.0,110000,0,-1026,145000,0,2000,35000,0,3026
20260902,4163,鐿鈦,137.5,138.0,137.0,137.5,-,0.5,9000,1239000.0,-4059,0,-1080,1,0,0,4060,0,1080
20260902,4166,友霖,24.7,24.8,24.45,24.8,+,0.1,62000,1526450.0,18000,0,0,19000,0,0,1000,0,0
20260902,4167,松瑞藥,19.5,19.55,19.3,19.35,-,0.15,449000,8706300.0,-108899,0,-3835,43000,0,2000,151899,0,5835
20260902,4168,醣聯,22.2,22.45,21.9,22.25,-,0.2,67000,1485700.0,27000,0,0,29000,0,0,2000,0,0
20260902,4171,瑞基,17.0,17.05,16.8,16.9,-,0.1,45000,763800.0,-5000,0,0,0,0,0,5000,0,0
20260902,4173,久裕,17.3,17.35,17.3,17.35,-,0.05,9000,155900.0,-1000,0,-5,0,0,0,1000,0,5
20260902,4174,浩鼎,25.3,25.4,24.85,25.0,-,0.05,235000,5887950.0,-85956,0,0,37044,0,0,123000,0,0
20260902,4175,杏一,51.0,51.6,51.0,51.5,-,0.2,13000,668800.0,1000,0,0,3000,0,0,2000,0,0
20260902,4188,安克,14.2,14.8,14.0,14.5,-,0.05,263000,3773050.0,-13000,0,0,0,0,0,13000,0,0
20260902,4205,中華食,69.6,69.6,69.4,69.6,,0.0,16000,1112100.0,0,0,-10,0,0,0,0,0,10
20260902,4207,環泰,20.5,20.5,20.35,20.4,-,0.1,53000,1081850.0,3000,0,0,5000,0,0,2000,0,0
20260902,4303,信立,37.7,37.7,36.2,36.3,-,1.25,1186000,43582250.0,-85000,0,-42784,172000,0,23000,257000,0,65784
20260902,4304,勝昱,21.5,21.5,20.55,20.6,-,2.2,89000,1843600.0,-2000,0,0,0,0,0,2000,0,0
20260902,4401,東隆興,13.9,14.0,13.8,14.0,+,0.1,17000,236400.0,2000,0,105,2000,0,1000,0,0,895
20260902,4402,郡都開發,15.3,15.3,14.15,14.95,+,0.1,29000,423850.0,0,0,-33,0,0,0,0,0,33
20260902,4406,新昕纖,10.05,10.05,9.99,9.99,-,0.06,66000,660300.0,-5000,0,0,0,0,0,5000,0,0
20260902,4413,飛寶企業,19.95,20.6,19.7,19.9,-,0.05,48000,961850.0,-8000,0,0,0,0,0,8000,0,0
20260902,4416,三圓,12.5,12.8,12.4,12.65,+,0.2,575000,7248400.0,-5584,0,0,132416,0,0,138000,0,0
20260902,4417,金洲,47.15,47.15,46.95,47.0,-,0.15,39000,1832550.0,25000,0,0,26000,0,0,1000,0,0
20260902,4420,光明,37.8,38.7,37.8,38.6,+,0.9,55000,2115350.0,15000,-1031,0,19000,0,0,4000,1031,0
20260902,4430,耀億,17.8,17.8,17.35,17.6,-,0.2,38000,664700.0,7000,0,0,10000,0,0,3000,0,0
20260902,4432,銘旺實,15.65,15.85,15.55,15.85,+,0.05,27000,423750.0,-2000,0,-56,0,0,0,2000,0,56
20260902,4433,興采,18.75,18.95,18.75,18.9,-,0.05,27000,511300.0,-1000,0,0,0,0,0,1000,0,0
20260902,4442,竣邦-KY,50.5,51.1,50.5,50.6,-,0.1,6000,304500.0,-3000,0,0,1000,0,0,4000,0,0
20260902,4502,健信,15.6,15.7,15.55,15.65,,0.0,29000,452500.0,-2000,0,0,0,0,0,2000,0,0
20260902,4503,金雨,24.5,24.5,24.25,24.3,-,0.5,123000,2996450.0,-19000,0,-354,18000,0,0,37000,0,354
20260902,4506,崇友,121.5,123.0,121.5,122.0,,0.0,55000,6722500.0,3218,0,0,27218,0,0,24000,0,0
20260902,4510,高鋒,43.8,46.3,43.8,45.8,+,1.25,1775000,80702750.0,566005,0,528,768005,0,5252,202000,0,4724
20260902,4513,福裕,16.15,16.25,16.0,16.05,-,0.05,159000,2563750.0,26250,0,0,50250,0,0,24000,0,0
20260902,4523,永彰,23.7,24.05,23.55,23.8,-,0.3,13000,308550.0,2000,0,-222,3000,0,0,1000,0,222
20260902,4527,方土霖,40.75,40.8,40.6,40.7,-,0.05,35000,1424250.0,4000,0,0,5000,0,0,1000,0,0
20260902,4528,江興鍛,15.05,15.05,15.0,15.0,-,0.05,9000,135050.0,-1000,0,-320,0,0,0,1000,0,320
20260902,4533,協易機,26.2,26.8,26.1,26.35,-,0.1,537000,14259050.0,-18279,0,-195,174721,0,7,193000,0,202
20260902,4534,慶騰,30.0,30.8,29.65,29.9,-,0.1,418000,12578250.0,15156,0,-205,88160,0,1024,73004,0,1229
20260902,4538,大詠城,18.05,18.05,17.75,17.85,+,0.15,15000,268450.0,1000,0,0,1000,0,0,0,0,0
20260902,4541,晟田,66.2,66.9,64.8,64.8,-,1.7,1391000,91228700.0,-426960,0,-1640,189100,0,4000,616060,0,5640
20260902,4542,科嶠,295.0,309.0,290.0,297.5,-,8.5,1293000,385856000.0,-143416,0,-636,346151,0,13558,489567,0,14194
20260902,4543,萬在,30.6,30.6,30.15,30.3,-,0.15,42000,1273900.0,7000,0,0,13000,0,0,6000,0,0
20260902,4549,桓達,102.0,102.5,101.0,102.5,+,0.5,20000,2038500.0,11152,0,597,12152,0,597,1000,0,0
20260902,4550,長佳,24.0,24.0,23.9,24.0,,0.0,19000,454600.0,0,0,659,0,0,1000,0,0,341
20260902,4554,橙的,30.0,30.0,29.45,29.95,+,0.1,21000,623200.0,3000,0,-1000,6000,0,0,3000,0,1000
20260902,4556,旭然,71.7,72.4,70.0,70.0,-,0.6,129000,9140100.0,-14000,0,-197,23000,0,1000,37000,0,1197
20260902,4558,寶緯,17.6,17.6,17.45,17.5,,0.0,11000,192600.0,2000,0,1,3000,0,1,1000,0,0
20260902,4561,健椿,43.6,44.45,43.25,43.35,-,0.3,171000,7461350.0,9000,0,85,49000,0,85,40000,0,0
20260902,4563,百德,46.85,46.95,44.75,45.4,+,0.65,968000,44286000.0,-295000,0,-1001,61000,0,1546,356000,0,2547
20260902,4568,科際精密,39.6,39.8,39.6,39.6,-,0.5,4000,158600.0,-1000,0,0,0,0,0,1000,0,0
20260902,4577,達航科技,86.2,92.5,86.1,88.8,+,1.4,912000,81934000.0,74000,0,10912,283000,0,14914,209000,0,4002
20260902,4580,捷流閥業,87.0,87.0,82.0,83.3,-,3.7,865000,73323200.0,2025,0,-217443,135025,0,8000,133000,0,225443
20260902,4702,中美實,9.8,9.8,9.63,9.71,+,0.03,23000,222310.0,-6000,0,0,0,0,0,6000,0,0
20260902,4707,磐亞,32.5,32.5,31.4,31.45,-,0.8,2035000,64617500.0,-372921,0,-8146,182079,0,2100,555000,0,10246
20260902,4711,永純,16.6,16.85,16.6,16.7,-,0.1,50000,832400.0,-2000,0,0,0,0,0,2000,0,0
20260902,4714,永捷,10.9,10.95,10.85,10.85,-,0.05,272000,2960950.0,-8660,0,-20696,22340,0,0,31000,0,20696
20260902,4716,大立,17.55,17.65,17.3,17.3,-,0.25,928000,16194350.0,-30000,0,-400,117000,0,0,147000,0,400
20260902,4721,美琪瑪,73.1,73.7,72.9,73.3,-,0.4,251000,18372400.0,-8725,0,-1679,54000,0,2000,62725,0,3679
20260902,4726,永昕,24.4,24.4,24.1,24.2,-,0.05,25000,606300.0,-6000,0,0,1000,0,0,7000,0,0
20260902,4729,熒茂,19.05,19.05,18.8,18.95,,0.0,43000,813200.0,16000,0,0,16000,0,0,0,0,0
20260902,4735,豪展,37.8,37.8,37.7,37.75,-,0.05,35000,1321950.0,-5000,0,0,0,0,0,5000,0,0
20260902,4741,泓瀚,43.0,43.0,41.55,42.1,-,0.75,74000,3129450.0,-18000,0,-261,22000,0,1000,40000,0,1261
20260902,4743,合一,46.7,46.85,46.25,46.65,+,0.2,543000,25284050.0,81513,0,-3793,255513,0,2212,174000,0,6005
20260902,4744,皇將,27.25,27.5,27.1,27.5,+,0.5,48000,1306250.0,8000,0,0,11000,0,0,3000,0,0
20260902,4745,合富-KY,11.7,11.8,11.7,11.8,-,0.05,7000,82100.0,1000,0,804,1000,0,1000,0,0,196
20260902,4747,強生*,26.05,26.1,24.6,24.6,-,1.45,275000,6970550.0,-20000,0,-112,20000,0,1000,40000,0,1112
20260902,4749,新應材,805.0,808.0,787.0,787.0,-,12.0,689000,549013000.0,-46214,-5000,-1763,247855,0,21294,294069,5000,23057
20260902,4754,國碳科,38.7,38.95,38.55,38.65,+,0.05,16000,620450.0,-6000,0,0,1000,0,0,7000,0,0
20260902,4760,勤凱,264.0,282.0,264.0,272.5,+,4.5,421000,116238500.0,-41913,0,39017,90411,0,41019,132324,0,2002
20260902,4767,誠泰科技,29.5,29.5,28.6,29.1,+,0.5,24000,696100.0,0,0,-33,0,0,7000,0,0,7033
20260902,4768,晶呈科技,307.0,307.5,298.0,298.0,-,9.5,314000,94932500.0,-144018,0,-19272,36982,0,16583,181000,0,35855
20260902,4772,台特化,264.0,265.5,256.0,256.0,-,5.5,648000,168444000.0,-294900,0,-8239,86100,0,11000,381000,0,19239
20260902,4903,聯光通,36.95,39.15,36.85,38.05,+,0.45,2522000,96765050.0,519157,0,0,891249,0,0,372092,0,0
20260902,4905,台聯電,90.7,90.7,88.3,88.9,-,0.5,24000,2134300.0,-3000,0,1995,2000,0,2000,5000,0,5
20260902,4907,富宇,47.75,47.8,47.0,47.5,-,0.3,49000,2326500.0,-3000,0,0,2000,0,0,5000,0,0
20260902,4908,前鼎,227.0,241.5,215.5,218.0,-,11.5,17280000,3948436500.0,794148,0,-34992,4622638,0,131741,3828490,0,166733
20260902,4909,新復興,39.15,39.3,38.6,38.65,-,0.5,241000,9359850.0,18000,0,-722,102000,0,2000,84000,0,2722
20260902,4911,德英,29.5,29.95,29.2,29.95,+,0.45,26000,768350.0,8000,0,0,9000,0,0,1000,0,0
20260902,4923,力士,53.9,54.1,52.6,52.7,-,1.5,127000,6768600.0,33260,0,9,58260,0,9,25000,0,0
20260902,4931,新盛力,257.0,264.5,250.0,250.0,-,10.5,4457000,1147136500.0,-293366,0,-8744,1069700,0,62274,1363066,0,71018
20260902,4933,友輝,54.6,54.8,54.5,54.8,-,0.3,29000,1583800.0,-11000,0,-618,6000,0,0,17000,0,618
20260902,4939,亞電,86.5,91.0,85.2,88.9,+,1.8,4022000,356787400.0,300727,0,1971,607583,0,13000,306856,0,11029
20260902,4946,辣椒,86.5,90.8,86.5,90.8,-,1.0,6000,534200.0,0,0,0,1000,0,0,1000,0,0
20260902,4951,精拓科,79.2,81.0,78.5,79.4,+,0.2,134000,10691700.0,29000,0,-507,59000,0,137,30000,0,644
20260902,4953,緯致,123.0,123.5,122.0,123.0,+,0.5,173000,21250500.0,26064,1000,0,53064,1000,1000,27000,0,1000
20260902,4966,譜瑞-KY,582.0,585.0,576.0,579.0,-,1.0,455000,263576000.0,-34204,1000,-10515,125000,1000,27781,159204,0,38296
20260902,4971,IET-KY,654.0,726.0,650.0,669.0,+,9.0,8383000,5742572000.0,-398130,0,11297,1876076,0,109154,2274206,0,97857
20260902,4972,湯石照明,16.8,16.8,16.6,16.75,,0.0,8000,133550.0,-1000,0,0,1000,0,0,2000,0,0
20260902,4973,廣穎,153.0,153.5,151.5,151.5,-,1.5,735000,111868500.0,85001,0,-2763,236001,0,2993,151000,0,5756
20260902,4974,亞泰,68.4,72.0,68.4,71.5,+,2.4,483000,34417300.0,191000,0,2204,212000,0,2433,21000,0,229
20260902,4979,華星光,600.0,624.0,600.0,624.0,+,24.0,2615000,1602028000.0,500103,-621000,181090,560103,0,195112,60000,621000,14022
20260902,4991,環宇-KY,524.0,545.0,524.0,530.0,-,14.0,5659000,3022000000.0,-408418,-61000,-1763,1335657,80000,76957,1744075,141000,78720
20260902,4995,晶達,50.0,50.2,50.0,50.2,-,0.1,16000,802500.0,2000,0,0,2000,0,0,0,0,0
20260902,5009,榮剛,34.2,34.2,33.5,33.55,-,0.6,1393000,46918800.0,-775000,0,-69716,82000,0,8000,857000,0,77716
20260902,5011,久陽,18.2,18.45,18.1,18.45,+,0.15,168000,3086650.0,-2000,0,0,19000,0,0,21000,0,0
20260902,5013,強新,28.55,28.65,28.5,28.65,+,0.1,14000,399550.0,0,0,0,1000,0,0,1000,0,0
20260902,5014,建錩,10.1,10.15,10.05,10.1,,0.0,79000,797500.0,-9000,0,0,1000,0,0,10000,0,0
20260902,5015,華祺,22.1,22.1,22.0,22.05,-,0.05,8000,176350.0,1000,0,0,2000,0,0,1000,0,0
20260902,5201,凱衛,26.0,26.25,25.65,25.65,-,0.35,34000,881300.0,1000,0,4,4000,0,4,3000,0,0
20260902,5202,力新,11.95,12.0,11.9,12.0,,0.0,103000,1229150.0,15000,0,-50,16000,0,0,1000,0,50
20260902,5206,坤悅,23.45,23.6,23.2,23.3,-,0.05,84000,1961050.0,515,0,0,16515,0,0,16000,0,0
20260902,5209,新鼎,155.0,155.5,154.0,155.0,-,0.5,36000,5556000.0,-773,-616,-2075,5000,0,0,5773,616,2075
20260902,5210,寶碩,28.7,29.15,28.7,28.9,+,0.3,93000,2696350.0,29000,0,0,32000,0,0,3000,0,0
20260902,5211,蒙恬,19.35,19.4,19.35,19.4,+,0.25,6000,116200.0,-2000,0,-2,0,0,0,2000,0,2
20260902,5212,凌網,46.6,46.6,46.6,46.6,,0.0,9000,419400.0,2000,0,0,2000,0,0,0,0,0
20260902,5213,亞昕,21.0,21.2,20.9,21.0,,0.0,105000,2204400.0,36000,0,513,45000,0,1000,9000,0,487
20260902,5223,安力-KY,24.1,25.45,24.05,24.7,+,1.2,104000,2583400.0,-4000,0,0,2000,0,0,6000,0,0
20260902,5227,立凱-KY,30.95,31.45,30.85,30.9,-,0.55,95000,2944050.0,-36000,0,229,11000,0,231,47000,0,2
20260902,5228,鈺鎧,41.1,41.1,40.4,40.75,-,0.8,183000,7440800.0,-47990,0,-3999,24010,0,1,72000,0,4000
20260902,5230,雷笛克光學,17.8,17.85,17.5,17.85,-,0.05,135000,2388100.0,56000,0,8,62000,0,8,6000,0,0
20260902,5245,智晶,23.7,23.7,23.2,23.3,+,0.1,46000,1072350.0,13000,0,0,13000,0,0,0,0,0
20260902,5251,天鉞電,26.7,26.7,26.1,26.55,+,0.25,37000,974850.0,20000,0,-50,21000,0,0,1000,0,50
20260902,5263,智崴,99.7,99.7,97.5,98.1,-,1.5,92000,9038500.0,-26000,0,-53,20000,0,201,46000,0,254
20260902,5272,笙科,17.0,17.3,17.0,17.1,,0.0,30000,514900.0,10000,0,0,10000,0,0,0,0,0
20260902,5274,信驊,17120.0,18395.0,17120.0,17725.0,+,605.0,672000,11987000000.0,-95459,246900,-820,305948,247900,93770,401407,1000,94590
20260902,5278,尚凡*,24.45,24.55,24.3,24.5,+,0.05,29000,709200.0,7000,0,150,11000,0,150,4000,0,0
20260902,5287,數字,136.0,136.0,135.0,135.5,-,1.0,107000,14513500.0,-74866,-1606,-591,4134,0,1000,79000,1606,1591
20260902,5289,宜鼎,1450.0,1450.0,1420.0,1420.0,-,30.0,1229000,1754595000.0,-213345,-34000,-26453,282565,38000,53768,495910,72000,80221
20260902,5291,邑昇,71.4,73.2,70.2,70.7,-,1.7,1708000,121695900.0,-221973,0,-341,343121,0,2406,565094,0,2747
20260902,5299,杰力,98.1,98.3,97.3,97.3,-,0.8,122000,11908200.0,-17000,0,-489,23000,0,719,40000,0,1208
20260902,5302,太欣,10.3,10.45,10.3,10.3,-,0.05,174000,1801400.0,25000,0,-186,47000,0,1,22000,0,187
20260902,5309,系統電,53.1,53.2,52.5,52.5,-,1.0,859000,45315600.0,-97910,43000,-81672,139090,43000,32053,237000,0,113725
20260902,5310,天剛,24.25,24.25,24.25,24.25,-,0.05,1000,24250.0,-1000,0,0,0,0,0,1000,0,0
20260902,5312,寶島科,91.0,91.8,90.6,91.8,+,0.2,8000,728700.0,4000,0,-410,5000,0,0,1000,0,410
20260902,5314,世紀*,35.95,35.95,34.2,34.2,-,1.1,3888000,136023900.0,725727,0,-729193,1237826,0,217000,512099,0,946193
20260902,5315,光聯,19.0,19.0,18.8,18.9,-,0.25,813000,15329500.0,149000,0,0,198000,0,0,49000,0,0
20260902,5321,美而快,76.3,77.3,72.6,77.0,-,1.2,1230000,92267700.0,139948,0,-141,413148,0,2000,273200,0,2141
20260902,5324,士開,12.15,12.3,12.1,12.3,,0.0,167000,2046150.0,-26000,0,0,7000,0,0,33000,0,0
20260902,5328,華容,61.5,62.2,61.0,61.5,-,0.8,2555000,156630000.0,140422,0,-9194,451000,0,1070,310578,0,10264
20260902,5340,建榮,83.8,86.4,82.1,82.1,-,2.2,3508000,294857400.0,-179855,0,6268,937145,0,24355,1117000,0,18087
20260902,5344,立衛,13.5,13.7,13.5,13.6,,0.0,7000,94950.0,-2000,0,0,0,0,0,2000,0,0
20260902,5345,馥鴻,22.25,22.25,22.0,22.0,+,0.1,7000,154500.0,2000,0,106,2000,0,106,0,0,0
20260902,5347,世界,151.0,151.5,149.0,149.5,-,4.0,7328000,1099032000.0,-250825,-1661913,-152465,7381749,126000,47160,7632574,1787913,199625
20260902,5351,鈺創,118.0,120.5,116.0,117.0,-,2.5,10487000,1239849000.0,-1662036,0,-230179,2826464,0,62068,4488500,0,292247
20260902,5353,台林,27.95,28.1,27.8,28.0,-,0.1,41000,1145950.0,21000,0,0,21000,0,0,0,0,0
20260902,5355,佳總,5.66,6.0,5.66,6.0,+,0.14,24000,141450.0,2000,0,0,2000,0,0,0,0,0
20260902,5356,協益,25.8,26.25,25.8,26.15,+,0.05,15000,392700.0,0,0,0,2000,0,0,2000,0,0
20260902,5364,力麗店,8.46,8.51,8.42,8.43,-,0.03,15000,126880.0,-3000,0,283,0,0,283,3000,0,0
20260902,5381,光譜,26.45,26.5,26.0,26.1,-,0.4,481000,12590300.0,19126,0,5,108584,0,5,89458,0,0
20260902,5386,青雲,277.5,284.5,277.0,278.0,+,0.5,1437000,402315000.0,-191748,0,-24705,246000,0,4796,437748,0,29501
20260902,5392,能率,44.65,45.7,44.4,44.85,+,0.15,1092000,49362350.0,313150,0,430,454150,0,4157,141000,0,3727
20260902,5398,慕康生醫,14.4,14.4,14.25,14.3,+,0.1,30000,427950.0,-5000,0,-5,1000,0,2,6000,0,7
20260902,5403,中菲,94.5,94.5,93.2,93.3,-,1.0,33000,3092100.0,19000,0,0,22000,0,0,3000,0,0
20260902,5410,國眾,35.85,36.25,35.8,36.25,+,0.6,147000,5314300.0,48000,0,-50,69000,0,1,21000,0,51
20260902,5425,台半,93.5,94.7,92.5,92.5,-,2.7,6004000,560109600.0,-672000,-23000,-86629,1191000,0,62275,1863000,23000,148904
20260902,5426,振發,30.6,31.0,29.2,29.3,-,1.2,1320000,39510050.0,-235000,0,819,215000,0,7396,450000,0,6577
20260902,5432,新門,151.5,152.5,147.5,149.0,-,2.5,70000,10496500.0,-12802,0,-780,4198,0,1000,17000,0,1780
20260902,5438,東友,16.75,16.95,16.7,16.8,-,0.05,27000,453050.0,5000,0,-2,6000,0,0,1000,0,2
20260902,5439,高技,271.5,272.5,267.0,269.5,-,5.5,2471000,665262000.0,-492994,0,-333404,568206,0,40049,1061200,0,373453
20260902,5443,均豪,111.0,116.5,111.0,112.0,+,0.5,3185000,362618500.0,281598,0,19344,1012598,0,48735,731000,0,29391
20260902,5450,南良,14.6,14.95,14.55,14.6,-,0.1,103000,1508850.0,-2000,0,-240,14000,0,0,16000,0,240
20260902,5452,佶優,27.7,28.0,27.65,27.65,-,0.2,515000,14293350.0,203000,0,-1999,295000,0,2,92000,0,2001
20260902,5455,昇益,30.1,30.1,30.1,30.1,-,0.3,1000,30100.0,-1000,0,0,0,0,0,1000,0,0
20260902,5457,宣德,28.15,28.15,27.85,27.95,+,0.05,204000,5713050.0,-29000,0,187,34000,0,2403,63000,0,2216
20260902,5460,同協,16.2,16.2,15.9,15.95,+,0.05,27000,433850.0,-2000,0,0,0,0,0,2000,0,0
20260902,5464,霖宏,68.8,70.0,68.0,69.3,+,0.3,169000,11633100.0,-52000,0,442,36000,0,1000,88000,0,558
20260902,5465,富驊,24.7,24.9,24.7,24.8,+,0.1,35000,868550.0,-1000,0,0,4000,0,0,5000,0,0
20260902,5468,凱鈺,25.2,25.2,24.3,24.6,-,0.6,145000,3553300.0,-17000,0,352,29000,0,1000,46000,0,648
20260902,5474,聰泰,153.5,154.5,150.0,150.5,-,1.0,86000,13058000.0,7001,0,-1756,27001,0,1123,20000,0,2879
20260902,5475,德宏,195.5,204.5,190.0,190.0,-,10.5,4974000,973851500.0,226113,0,31839,985113,0,88409,759000,0,56570
20260902,5478,智冠,98.3,98.5,98.3,98.4,,0.0,42000,4132400.0,-11000,0,-73,4000,0,0,15000,0,73
20260902,5481,新華,20.45,20.6,20.05,20.6,-,0.2,261000,5297250.0,9000,0,1000,42000,0,5000,33000,0,4000
20260902,5483,中美晶,180.5,181.5,178.0,179.0,-,4.5,8396000,1508377500.0,-1844950,-44000,51983,2747050,0,262952,4592000,44000,210969
20260902,5487,通泰,29.5,29.65,29.35,29.6,+,0.1,14000,413000.0,-1000,0,12,0,0,12,1000,0,0
20260902,5488,松普,12.1,12.3,12.1,12.2,+,0.15,212000,2590750.0,-42000,0,111,41000,0,111,83000,0,0
20260902,5489,彩富,42.0,42.05,41.25,41.85,+,0.3,43000,1784500.0,21000,0,200,23000,0,200,2000,0,0
20260902,5490,同亨,28.0,28.1,27.55,27.6,-,0.3,440000,12169250.0,-105000,0,49,26000,0,49,131000,0,0
20260902,5493,三聯,87.3,87.3,84.5,86.0,-,0.8,103000,8888600.0,6000,0,-100,22000,0,0,16000,0,100
20260902,5498,凱崴,56.4,56.9,55.6,55.8,-,0.6,1948000,109327500.0,-189332,0,421,473668,0,4209,663000,0,3788
20260902,5508,永信建,52.9,53.4,52.8,53.4,+,0.5,289000,15347600.0,143935,0,-29,176935,0,0,33000,0,29
20260902,5511,德昌,71.1,71.1,70.8,71.0,,0.0,83000,5893200.0,-1176,0,-1790,18824,0,5,20000,0,1795
20260902,5512,力麒,7.72,7.77,7.72,7.74,+,0.01,436000,3373420.0,13000,0,-234,60000,0,0,47000,0,234
20260902,5514,三豐,14.9,14.95,14.9,14.95,+,0.15,6000,89650.0,-3000,0,0,0,0,0,3000,0,0
20260902,5516,雙喜,11.7,12.0,11.7,11.85,+,0.1,21000,248100.0,-4000,0,509,0,0,1000,4000,0,491
20260902,5529,鉅陞,22.2,22.7,22.2,22.55,-,0.15,41000,925550.0,0,0,0,3000,0,0,3000,0,0
20260902,5530,龍巖,50.2,50.5,49.95,50.2,,0.0,155000,7778250.0,36779,0,5,72779,0,5,36000,0,0
20260902,5536,聖暉*,880.0,880.0,823.0,823.0,-,60.0,1230000,1037198000.0,-826495,7000,-13955,92173,11000,152194,918668,4000,166149
20260902,5543,桓鼎-KY,29.1,29.1,28.8,28.8,-,1.15,4000,116000.0,-1000,0,0,0,0,0,1000,0,0
20260902,5547,久舜,19.7,19.7,19.65,19.7,-,0.15,27000,531650.0,3000,0,0,3000,0,0,0,0,0
20260902,5603,陸海,14.2,14.2,14.0,14.1,+,0.05,61000,857200.0,-5000,0,0,2000,0,0,7000,0,0
20260902,5604,中連,30.95,31.0,30.9,30.9,+,0.05,18000,557500.0,-1000,0,0,0,0,0,1000,0,0
20260902,5609,中菲行,77.9,78.3,77.9,78.0,+,0.2,65000,5072800.0,14000,0,2000,19000,0,2000,5000,0,0
20260902,5701,劍湖山,4.36,4.37,4.2,4.24,-,0.21,72000,309370.0,-3000,0,0,0,0,0,3000,0,0
20260902,5704,老爺知,23.5,23.6,23.1,23.5,-,0.05,41000,959550.0,2000,0,-251,5000,0,0,3000,0,251
20260902,5864,致和證,36.35,36.7,35.9,35.9,-,0.7,2374000,85831300.0,-670735,0,0,383595,0,0,1054330,0,0
20260902,5903,全家,185.5,186.0,185.0,185.0,-,0.5,6000,1111500.0,4000,0,0,4000,0,0,0,0,0
20260902,5904,寶雅*,73.5,73.5,72.5,73.4,-,0.1,3537000,258413600.0,192534,0,-30547,1729830,0,23000,1537296,0,53547
20260902,5905,南仁湖,7.81,7.81,7.73,7.74,-,0.05,268000,2077050.0,-43000,0,359,7000,0,2000,50000,0,1641
20260902,6015,宏遠證,16.5,16.55,16.2,16.3,-,0.3,908000,14798400.0,-163053,0,0,313000,0,0,476053,0,0
20260902,6016,康和證,21.4,21.4,20.65,20.95,-,0.6,6339000,133037200.0,-274960,0,0,1390000,0,0,1664960,0,0
20260902,6020,大展證,20.9,20.9,20.9,20.9,-,0.05,2000,41800.0,1000,0,0,1000,0,0,0,0,0
20260902,6021,美好證,38.65,39.05,38.65,39.0,-,0.1,119000,4631250.0,20910,0,0,39000,0,0,18090,0,0
20260902,6023,元大期,85.4,86.4,85.0,86.4,+,0.8,336000,28849400.0,123673,0,0,195823,0,0,72150,0,0
20260902,6026,福邦證,15.0,15.1,15.0,15.05,-,0.1,623000,9363650.0,179000,-20745,0,258000,0,0,79000,20745,0
20260902,6101,寬魚國際,37.95,38.5,37.5,38.35,+,0.65,156000,5959550.0,56140,0,0,66140,0,0,10000,0,0
20260902,6103,合邦,43.95,44.5,41.8,44.3,-,0.3,39000,1693750.0,25,0,0,25,0,0,0,0,0
20260902,6104,創惟,98.0,98.8,97.5,98.0,,0.0,295000,28937300.0,9086,0,-3782,146086,0,1173,137000,0,4955
20260902,6109,亞元,11.1,11.1,10.75,11.0,+,0.1,94000,1024200.0,1000,0,0,3000,0,0,2000,0,0
20260902,6111,光聚晶電,38.0,38.05,37.5,37.5,-,0.65,127000,4795150.0,5000,0,-21,28000,0,111,23000,0,132
20260902,6113,亞矽,23.1,23.8,23.1,23.4,+,0.3,134000,3144400.0,25000,0,-4801,42000,0,199,17000,0,5000
20260902,6114,久威,25.25,25.35,25.1,25.2,-,0.05,9000,227300.0,-1000,0,0,0,0,0,1000,0,0
20260902,6118,建達,15.2,15.55,15.15,15.35,+,0.15,92000,1414350.0,22000,0,811,28000,0,811,6000,0,0
20260902,6121,新普,407.5,407.5,401.0,404.0,-,4.5,353000,142318000.0,61157,18000,4034,234989,20000,7000,173832,2000,2966
20260902,6122,擎邦,47.7,49.0,47.65,48.7,+,0.65,137000,6632300.0,33000,-3614,1471,49000,0,1471,16000,3614,0
20260902,6123,上奇,43.65,43.7,43.55,43.7,+,0.15,30000,1309150.0,15000,0,0,15000,0,0,0,0,0
20260902,6124,業強,26.65,26.8,26.55,26.55,-,0.5,14000,373500.0,4000,0,0,5000,0,0,1000,0,0
20260902,6125,廣運,50.6,52.5,50.3,51.7,+,0.9,1144000,59107600.0,11382,0,1786,295382,0,7202,284000,0,5416
20260902,6126,信音,30.5,30.5,30.2,30.2,+,0.05,273000,8272600.0,43927,0,757,94120,0,1000,50193,0,243
20260902,6127,九豪,49.45,50.2,48.55,48.6,-,1.8,2198000,107655900.0,-1253865,0,-18912,154135,0,12808,1408000,0,31720
20260902,6129,普誠,13.15,13.25,13.0,13.1,,0.0,549000,7189150.0,131999,0,-761,200000,0,0,68001,0,761
20260902,6130,上亞科技,26.8,27.5,26.75,26.95,+,0.15,75000,2026700.0,27000,0,0,30000,0,0,3000,0,0
20260902,6134,萬旭,29.05,29.35,29.0,29.05,+,0.1,102000,2969150.0,7999,0,1753,36000,0,1850,28001,0,97
20260902,6138,茂達,291.0,295.5,288.0,288.0,-,5.5,464000,135455000.0,-26411,-4000,256,138050,0,12000,164461,4000,11744
20260902,6140,訊達,16.9,16.9,16.7,16.75,-,0.2,50000,839300.0,-7800,0,0,2200,0,0,10000,0,0
20260902,6143,振曜,88.5,89.5,88.3,88.6,+,0.1,244000,21658600.0,-13000,0,-10733,92000,0,102,105000,0,10835
20260902,6144,得利影,13.3,13.35,12.9,13.25,-,0.4,18000,235450.0,0,0,-268,0,0,1000,0,0,1268
20260902,6146,耕興,194.0,194.0,191.5,192.5,-,1.5,286000,55085500.0,-39549,-1000,-1082,103000,0,0,142549,1000,1082
20260902,6147,頎邦,180.0,186.5,178.5,182.5,-,1.0,15421000,2813531500.0,-554790,77000,-63456,4730755,195000,211973,5285545,118000,275429
20260902,6148,驊宏資,28.0,28.1,27.7,28.0,,0.0,35000,978350.0,12000,0,39,17000,0,39,5000,0,0
20260902,6150,撼訊,61.4,63.6,61.4,62.3,+,1.4,390000,24496000.0,61989,0,1712,129039,0,3837,67050,0,2125
20260902,6151,晉倫,35.65,35.65,35.0,35.55,-,0.35,129000,4553650.0,-11000,0,-812,13000,0,0,24000,0,812
20260902,6154,順發,13.9,14.05,13.9,14.0,-,0.1,20000,279900.0,1000,0,0,1000,0,0,0,0,0
20260902,6156,松上,21.15,21.25,20.9,20.95,-,0.35,430000,9033250.0,36000,0,260,149000,0,3000,113000,0,2740
20260902,6158,禾昌,16.9,18.35,16.9,17.5,+,0.65,217000,3832100.0,2000,0,687,39000,0,699,37000,0,12
20260902,6160,欣技,15.0,15.0,14.7,14.95,-,0.1,127000,1872000.0,56000,0,-83,56000,0,2000,0,0,2083
20260902,6161,捷波,50.5,50.5,49.9,50.0,,0.0,26000,1301000.0,6081,0,2,10081,0,2,4000,0,0
20260902,6163,華電網,41.6,42.2,41.4,41.7,-,0.25,626000,26119500.0,228000,0,-2514,350000,0,2000,122000,0,4514
20260902,6167,久正,10.4,10.45,10.35,10.4,-,0.05,198000,2060200.0,-6000,0,16,10000,0,16,16000,0,0
20260902,6169,昱泉,12.3,12.5,12.3,12.45,+,0.1,6000,74550.0,0,0,-79,0,0,0,0,0,79
20260902,6170,統振,47.9,48.1,47.8,48.0,,0.0,118000,5654850.0,34000,0,-2450,39000,0,0,5000,0,2450
20260902,6171,大城地產,26.65,26.65,26.3,26.3,-,0.15,38000,1002300.0,-1000,0,0,0,0,0,1000,0,0
20260902,6173,信昌電,255.0,263.5,253.5,260.5,-,1.0,9462000,2450953000.0,73163,0,-106787,2518584,0,117341,2445421,0,224128
20260902,6174,安碁,44.8,45.8,44.05,44.05,-,0.7,387000,17200650.0,-132050,0,26,51040,0,1000,183090,0,974
20260902,6175,立敦,73.6,73.6,71.3,71.4,-,2.3,827000,59357100.0,-276000,0,-423,129000,0,3000,405000,0,3423
20260902,6179,亞通,30.2,30.5,29.35,29.75,-,0.45,2031000,60638150.0,-331758,0,34650,312242,0,44166,644000,0,9516
20260902,6180,橘子,40.5,41.2,40.4,41.2,+,0.4,269000,10993250.0,3100,0,-30,112100,0,0,109000,0,30
20260902,6182,合晶,114.0,114.5,109.0,110.5,-,5.5,67164000,7476222000.0,-8336718,0,-574316,13239289,0,609513,21576007,0,1183829
20260902,6185,幃翔,12.8,12.8,12.6,12.8,-,0.1,197000,2500050.0,-21000,0,111,32000,0,7000,53000,0,6889
20260902,6186,新潤,31.45,31.65,31.15,31.45,+,0.1,299000,9374700.0,30000,0,768,162000,0,1927,132000,0,1159
20260902,6187,萬潤,1360.0,1410.0,1335.0,1340.0,-,35.0,1902000,2607995000.0,-55313,-32000,-10737,605396,0,52130,660709,32000,62867
20260902,6188,廣明,68.0,68.8,67.9,67.9,,0.0,460000,31367600.0,71430,0,-907,269430,0,3000,198000,0,3907
20260902,6190,萬泰科,72.1,72.5,69.0,69.1,-,2.5,4737000,333672900.0,-1886965,0,-180110,531035,0,1000,2418000,0,181110
20260902,6194,育富,29.8,29.8,29.75,29.75,,0.0,18000,535550.0,0,0,0,2000,0,0,2000,0,0
20260902,6195,詩肯,27.75,27.85,27.75,27.8,-,0.15,12000,333500.0,0,0,-219,0,0,0,0,0,219
20260902,6198,瑞築,19.4,19.5,19.4,19.45,+,0.05,46000,893100.0,4000,0,0,4000,0,0,0,0,0
20260902,6199,天品,92.7,95.6,92.2,95.2,+,2.1,673000,63366000.0,272097,0,-3444,322142,0,111,50045,0,3555
20260902,6203,海韻電,60.3,61.0,60.3,60.9,+,0.6,116000,7027800.0,53000,0,0,58000,0,0,5000,0,0
20260902,6204,艾華,89.8,91.0,88.5,90.0,,0.0,284000,25515800.0,-36418,0,5,57582,0,5,94000,0,0
20260902,6207,雷科,105.5,114.5,104.5,110.5,+,3.0,4660000,509984500.0,-659846,0,51536,1009154,0,91447,1669000,0,39911
20260902,6208,日揚,81.5,81.9,81.2,81.2,-,0.4,190000,15490700.0,-11960,0,0,41040,0,0,53000,0,0
20260902,6210,慶生,17.85,17.9,17.85,17.9,+,0.05,6000,107200.0,2000,0,-57,2000,0,0,0,0,57
20260902,6217,中探針,190.0,207.5,189.5,195.5,+,6.0,16579000,3325918500.0,-382822,0,-29431,3598594,0,181173,3981416,0,210604
20260902,6218,豪勉,41.95,45.35,41.95,43.55,+,1.95,4209000,185195350.0,1078581,0,341,1798000,0,2341,719419,0,2000
20260902,6219,富旺,12.1,12.1,12.0,12.1,,0.0,39000,470050.0,-10000,0,0,2000,0,0,12000,0,0
20260902,6220,岳豐,25.5,26.0,25.5,25.9,+,0.05,91000,2353050.0,12000,0,-29803,46000,0,197,34000,0,30000
20260902,6221,晉泰,21.5,21.7,21.5,21.6,+,0.05,41000,884550.0,12000,0,-51,12000,0,0,0,0,51
20260902,6223,旺矽,5410.0,5535.0,5260.0,5290.0,-,120.0,911000,4905265000.0,17443,-23700,-15810,364287,30300,40599,346844,54000,56409
20260902,6227,茂綸,113.0,118.0,113.0,116.0,+,2.5,487000,56586000.0,167713,0,19332,230873,0,21546,63160,0,2214
20260902,6229,研通,24.2,24.3,23.75,23.95,,0.0,36000,861250.0,10000,0,0,12000,0,0,2000,0,0
20260902,6231,系微,219.0,220.5,215.0,216.0,-,6.5,156000,33904500.0,-56675,0,261,37325,0,7004,94000,0,6743
20260902,6233,旺玖,21.3,21.55,21.2,21.2,-,0.1,67000,1427550.0,16000,0,-138,23000,0,0,7000,0,138
20260902,6234,高僑,35.8,36.0,35.5,35.55,-,0.25,132000,4710150.0,21050,0,227,54050,0,524,33000,0,297
20260902,6237,驊訊,34.75,38.3,34.75,37.05,+,1.9,688000,25535600.0,-65999,0,-2434,145001,0,360,211000,0,2794
20260902,6240,松崗,25.8,27.3,23.5,27.3,+,1.5,136000,3421200.0,2000,0,652,18000,0,1074,16000,0,422
20260902,6241,鑫永洋,16.85,17.5,16.8,17.25,,0.0,25000,425800.0,-13000,0,-201,2000,0,800,15000,0,1001
20260902,6242,立康,34.45,34.5,34.0,34.0,+,0.4,4000,137300.0,1000,0,0,1000,0,0,0,0,0
20260902,6244,茂迪,23.75,24.0,23.5,23.5,-,0.4,2181000,51557150.0,-660000,0,-6472,836000,0,5000,1496000,0,11472
20260902,6245,立端,78.5,79.2,78.0,78.2,-,0.6,361000,28310600.0,-61106,0,-1818,100894,0,216,162000,0,2034
20260902,6246,臺龍,12.5,13.55,12.5,13.15,+,0.8,305000,4058950.0,11000,0,-96,20000,0,0,9000,0,96
20260902,6248,沛波,17.2,17.2,17.0,17.0,-,0.15,57000,973700.0,-1000,0,-164,2000,0,0,3000,0,164
20260902,6259,百徽,30.35,30.7,29.95,29.95,-,0.65,221000,6686750.0,-119935,0,-4000,7065,0,0,127000,0,4000
20260902,6261,久元,82.0,82.7,80.0,80.0,-,1.9,569000,46184500.0,-20001,0,-11675,210000,0,1042,230001,0,12717
20260902,6263,普萊德,166.5,174.0,166.0,173.0,+,7.5,488000,83206500.0,181396,0,7255,201396,0,7255,20000,0,0
20260902,6265,方土昶,56.3,56.5,55.7,55.8,-,0.9,1786000,100077100.0,-146095,0,-8129,361000,0,1300,507095,0,9429
20260902,6266,泰詠,24.55,24.75,24.5,24.75,,0.0,94000,2316450.0,-9000,0,-2,5000,0,0,14000,0,2
20260902,6270,倍微,29.6,29.6,29.15,29.2,-,0.45,129000,3774650.0,-4000,0,-2133,43000,0,0,47000,0,2133
20260902,6274,台燿,1435.0,1460.0,1400.0,1410.0,-,40.0,3289000,4674850000.0,58182,-631000,10792,1216799,54000,127007,1158617,685000,116215
20260902,6275,元山,46.05,46.45,45.8,45.9,-,0.15,140000,6447350.0,31000,0,0,48000,0,0,17000,0,0
20260902,6276,安鈦克,20.8,20.8,20.3,20.4,+,0.2,30000,617150.0,0,0,0,2000,0,0,2000,0,0
20260902,6279,胡連,127.0,128.0,125.5,127.0,+,0.5,836000,105981000.0,-165540,0,239233,105460,0,256114,271000,0,16881
20260902,6284,佳邦,78.9,79.4,78.0,78.0,-,2.1,869000,68220500.0,-395094,3000,-15220,92000,3000,3173,487094,0,18393
20260902,6290,良維,259.0,263.0,256.0,256.5,-,3.0,2401000,621582500.0,-504147,0,-48314,393597,0,76080,897744,0,124394
20260902,6291,沛亨,423.5,465.5,423.5,440.0,+,16.0,2114000,949378500.0,-203641,-1000,-12879,513359,0,49477,717000,1000,62356
20260902,6292,迅德,61.8,62.3,61.5,61.7,-,0.1,107000,6611500.0,13807,0,-824,27807,0,176,14000,0,1000
20260902,6294,智基,28.9,29.0,28.9,29.0,+,0.1,21000,608250.0,13000,0,-568,13000,0,432,0,0,1000
20260902,6411,晶焱,80.7,82.6,80.5,81.4,+,0.8,429000,35125900.0,1000,0,157,105000,0,188,104000,0,31
20260902,6417,韋僑,106.5,106.5,105.5,106.5,,0.0,26000,2760000.0,-8000,0,122,3000,0,188,11000,0,66
20260902,6418,詠昇,35.8,35.9,34.75,35.35,-,0.25,103000,3656650.0,21000,0,137,28000,0,137,7000,0,0
20260902,6419,京晨科,154.0,156.5,153.0,155.5,+,1.5,177000,27337000.0,59140,0,-445,87140,0,1543,28000,0,1988
20260902,6423,億而得,83.8,87.6,82.8,85.7,+,2.9,148000,12700800.0,46000,0,0,75000,0,0,29000,0,0
20260902,6425,易發,67.4,67.4,64.7,65.0,-,2.4,618000,40415600.0,-143930,0,-3575,73070,0,2031,217000,0,5606
20260902,6432,今展科,62.3,62.5,61.6,61.8,-,1.0,246000,15255000.0,-51193,0,110,31000,0,1000,82193,0,890
20260902,6435,大中,248.5,248.5,244.5,245.0,-,3.5,188000,46263000.0,-22894,0,-3819,40106,0,1382,63000,0,5201
20260902,6441,廣錠,21.35,21.35,21.1,21.35,,0.0,6000,127250.0,-3000,0,-1,0,0,0,3000,0,1
20260902,6462,神盾,101.0,102.0,100.5,101.0,,0.0,327000,33174500.0,112181,0,-1150,151181,0,3030,39000,0,4180
20260902,6465,威潤,47.2,48.0,46.7,46.95,-,0.55,147000,6923100.0,-23000,0,-2652,14000,0,0,37000,0,2652
20260902,6469,大樹,67.6,68.0,67.5,67.9,+,0.3,168000,11375600.0,-11735,0,-215,43265,0,2000,55000,0,2215
20260902,6470,宇智,41.25,41.95,41.2,41.95,+,0.35,23000,951350.0,-1000,0,-232,2000,0,0,3000,0,232
20260902,6474,華豫寧,36.8,36.8,36.3,36.7,-,0.1,40000,1460900.0,-10000,0,0,1000,0,0,11000,0,0
20260902,6485,點序,61.9,61.9,60.7,61.2,-,0.8,206000,12593900.0,26504,0,0,80504,0,1000,54000,0,1000
20260902,6486,互動,84.2,84.2,84.2,84.2,+,7.6,576000,48499200.0,-5000,0,49248,0,0,50248,5000,0,1000
20260902,6488,環球晶,976.0,982.0,951.0,967.0,-,27.0,6929000,6687354000.0,-1735127,-217243,-177919,1451084,50000,272147,3186211,267243,450066
20260902,6492,生華科,34.25,34.3,34.05,34.2,-,0.15,160000,5471650.0,-5424,0,-271,42070,0,0,47494,0,271
20260902,6494,九齊,54.9,55.2,54.7,55.2,+,0.2,61000,3356100.0,13000,0,453,21000,0,453,8000,0,0
20260902,6498,久禾光,73.7,78.6,73.7,78.3,+,4.7,381000,29333300.0,150000,0,461,182000,0,461,32000,0,0
20260902,6499,益安,72.8,76.8,72.8,75.0,+,0.7,534000,40089100.0,89024,0,261,210024,0,1000,121000,0,739
20260902,6506,雙邦,18.05,18.15,18.0,18.15,+,0.15,44000,794550.0,20000,0,0,21000,0,0,1000,0,0
20260902,6508,惠光,26.0,26.0,26.0,26.0,+,0.05,5000,130000.0,1000,0,0,1000,0,0,0,0,0
20260902,6509,聚和,45.8,47.3,45.45,46.75,+,0.75,954000,44317300.0,111400,66000,1761,328400,66000,3383,217000,0,1622
20260902,6510,精測,3290.0,3435.0,3235.0,3435.0,+,310.0,1708000,5727895000.0,-589318,195000,-18880,298747,303000,77864,888065,108000,96744
20260902,6516,勤崴國際,58.3,58.6,57.4,58.6,+,0.3,21000,1219500.0,-2000,0,5,0,0,5,2000,0,0
20260902,6517,保勝光學,70.2,73.4,69.5,70.8,+,1.7,1088000,78285800.0,107042,0,5584,292042,0,7000,185000,0,1416
20260902,6523,達爾膚,89.5,89.5,89.1,89.5,-,0.1,39000,3483200.0,12000,0,342,13000,0,1000,1000,0,658
20260902,6530,創威,93.7,105.0,93.3,101.0,+,4.6,8610000,864463700.0,-415096,0,355,1644904,0,16543,2060000,0,16188
20260902,6532,瑞耘,98.7,100.5,95.9,97.0,-,1.6,766000,75072500.0,141638,0,4890,305644,0,5010,164006,0,120
20260902,6535,順藥,74.1,82.2,74.0,82.2,+,7.4,469000,37626800.0,71397,0,5495,186397,0,8497,115000,0,3002
20260902,6538,倉和,248.5,248.5,248.5,248.5,+,22.5,545000,135432500.0,-36000,0,25097,0,0,25097,36000,0,0
20260902,6542,隆中,44.0,44.15,43.65,43.65,-,0.5,12000,527950.0,-3000,0,0,0,0,0,3000,0,0
20260902,6546,正基,63.5,64.0,63.2,63.5,+,0.5,154000,9793100.0,50005,0,-829,78005,0,0,28000,0,829
20260902,6547,高端疫苗,61.7,62.3,60.7,61.5,+,0.2,3293000,202396300.0,-785062,0,-11915,727938,0,38000,1513000,0,49915
20260902,6548,長科*,72.2,74.9,71.5,73.9,+,1.1,2874000,211953700.0,-4839,-10000,6326,914402,0,30275,919241,10000,23949
20260902,6556,勝品,60.8,61.0,60.8,61.0,,0.0,8000,487400.0,3000,0,0,3000,0,0,0,0,0
20260902,6560,欣普羅,31.0,31.8,30.5,31.25,+,0.25,13000,401550.0,3000,0,0,3000,0,0,0,0,0
20260902,6561,是方,322.5,327.0,322.5,325.0,+,2.5,52000,16917000.0,18094,0,198,33094,0,198,15000,0,0
20260902,6568,宏觀,134.0,143.5,132.5,140.0,+,7.5,240000,33495500.0,-57895,0,6311,47105,0,11801,105000,0,5490
20260902,6569,醫揚,91.7,92.0,91.1,91.1,-,0.9,26000,2376400.0,0,0,-5225,2000,0,0,2000,0,5225
20260902,6570,維田,52.8,52.9,51.8,52.0,+,0.3,100000,5233500.0,-32965,0,209,7035,0,209,40000,0,0
20260902,6574,霈方,119.0,121.0,118.5,120.0,+,0.5,26000,3108000.0,-3160,0,0,2840,0,0,6000,0,0
20260902,6576,逸達,80.7,80.9,80.3,80.6,-,0.4,67000,5399500.0,16000,0,0,18000,0,0,2000,0,0
20260902,6577,勁豐,79.7,80.4,79.7,80.3,+,0.3,9000,721200.0,2000,-618,0,2000,0,0,0,618,0
20260902,6578,達邦蛋白,17.9,17.9,17.8,17.85,-,0.05,27000,481650.0,5000,0,19,5000,0,19,0,0,0
20260902,6584,南俊國際,660.0,679.0,650.0,658.0,-,9.0,1221000,813746000.0,115079,-34000,-12957,454402,0,18742,339323,34000,31699
20260902,6588,東典光電,107.0,114.0,107.0,107.5,-,1.5,2098000,231419500.0,-57880,0,1035,340120,0,3999,398000,0,2964
20260902,6593,台灣銘板,31.8,32.2,31.45,32.05,+,0.3,210000,6684900.0,70000,0,0,82000,0,0,12000,0,0
20260902,6596,寬宏藝術,96.0,96.6,95.7,95.8,-,0.5,74000,7105100.0,21000,0,-10,32000,0,0,11000,0,10
20260902,6603,富強鑫,25.45,25.65,25.4,25.6,+,0.05,428000,10931650.0,-3825,0,-17150,135175,0,39,139000,0,17189
20260902,6609,瀧澤科,40.2,41.35,40.2,40.55,+,0.45,286000,11653450.0,143626,0,424,164626,0,1424,21000,0,1000
20260902,6612,奈米醫材,71.5,71.5,70.3,70.8,-,0.7,43000,3059000.0,1000,0,0,6000,0,0,5000,0,0
20260902,6613,朋億*,272.0,272.0,262.0,264.5,-,9.5,531000,140809000.0,-178980,0,-8029,52020,0,16000,231000,0,24029
20260902,6616,特昇-KY,8.24,8.29,8.22,8.29,+,0.09,10000,82610.0,0,0,-15,0,0,0,0,0,15
20260902,6617,共信-KY,120.0,122.0,116.5,120.5,-,1.5,1202000,143232500.0,1250,0,-235,260250,0,3402,259000,0,3637
20260902,6620,漢達,87.9,95.4,87.7,95.4,+,8.6,2888000,270068800.0,533612,0,34103,888612,0,74784,355000,0,40681
20260902,6624,萬年清,39.0,40.55,38.55,40.55,-,0.75,7000,274650.0,0,0,0,1000,0,0,1000,0,0
20260902,6629,泰金-KY,109.0,109.0,106.5,107.0,-,2.0,14000,1501500.0,2000,0,-62,3000,0,0,1000,0,62
20260902,6637,醫影,55.8,55.9,55.7,55.9,+,0.1,24000,1338700.0,7000,0,-21,7000,0,0,0,0,21
20260902,6640,均華,1120.0,1230.0,1115.0,1210.0,+,90.0,1280000,1554105000.0,177712,0,20125,361719,0,88353,184007,0,68228
20260902,6642,富致,81.1,81.1,79.3,79.8,-,2.5,148000,11864800.0,-58090,0,-3070,22000,0,0,80090,0,3070
20260902,6643,M31,424.0,424.0,413.0,416.0,-,6.0,178000,74221500.0,-44951,0,-3587,39049,0,10000,84000,0,13587
20260902,6651,全宇昕,155.5,155.5,151.5,151.5,-,4.0,122000,18647000.0,-28065,0,-7901,24000,0,1002,52065,0,8903
20260902,6654,天正國際,213.0,213.0,195.0,200.0,-,10.0,101000,20598000.0,9000,0,3814,35000,0,4868,26000,0,1054
20260902,6664,群翊,365.0,377.0,360.5,362.5,-,2.5,558000,206718000.0,60046,25000,12447,224146,25000,24909,164100,0,12462
20260902,6667,信紘科,216.5,217.0,215.0,217.0,-,0.5,50000,10817000.0,-9952,0,486,6048,0,2000,16000,0,1514
20260902,6679,鈺太,208.5,213.0,204.5,204.5,-,4.0,321000,66579500.0,-39861,0,9974,58139,0,18050,98000,0,8076
20260902,6683,雍智科技,1405.0,1460.0,1400.0,1460.0,+,130.0,716000,1033865000.0,163000,0,4059,244000,0,59394,81000,0,55335
20260902,6684,安格,46.7,48.25,46.7,47.6,+,0.9,86000,4099000.0,18000,0,29,33000,0,29,15000,0,0
20260902,6690,安碁資訊,164.0,165.5,163.0,165.5,+,1.5,32000,5229500.0,-1000,0,-825,1000,0,0,2000,0,825
20260902,6693,廣閎科,180.0,180.0,173.0,173.0,-,10.5,1164000,203925500.0,-579974,0,63759,160263,0,97654,740237,0,33895
20260902,6697,東捷資訊,40.85,41.3,40.5,41.25,+,0.75,25000,1024850.0,-4000,0,0,0,0,5000,4000,0,5000
20260902,6703,軒郁,103.0,103.0,102.0,102.5,-,0.5,29000,2969500.0,-1000,-1158,-598,1000,0,0,2000,1158,598
20260902,6712,長聖,158.5,159.0,157.0,157.5,,0.0,194000,30666500.0,67020,0,-67,83020,0,0,16000,0,67
20260902,6716,應廣,124.0,130.5,124.0,125.5,-,0.5,396000,50350000.0,-5503,0,211,133497,0,221,139000,0,10
20260902,6720,久昌,131.0,135.0,131.0,135.0,+,3.0,16000,2115000.0,3000,0,650,4000,0,1650,1000,0,1000
20260902,6725,矽科宏晟,225.5,227.0,225.0,225.0,-,4.0,16000,3612000.0,-3756,0,0,244,0,0,4000,0,0
20260902,6727,亞泰金屬,580.0,605.0,570.0,580.0,+,4.0,2707000,1595951000.0,106308,0,-72195,738013,0,21950,631705,0,94145
20260902,6728,上洋,109.0,109.0,107.5,108.0,-,1.0,32000,3458500.0,0,0,-116,0,0,0,0,0,116
20260902,6732,昇佳電子,151.5,152.5,150.0,151.5,,0.0,139000,21005500.0,-4910,0,695,36090,0,2398,41000,0,1703
20260902,6733,博晟生醫,27.7,27.7,27.25,27.5,-,0.2,56000,1541000.0,-4000,0,-19,9000,0,0,13000,0,19
20260902,6735,美達科技,65.5,67.5,65.5,66.0,-,0.5,129000,8561900.0,2000,0,-107,22000,0,14,20000,0,121
20260902,6739,竹陞科技,1130.0,1170.0,1120.0,1120.0,-,30.0,120000,137570000.0,65,0,-4575,31065,0,1091,31000,0,5666
20260902,6741,91APP*-KY,59.8,60.2,59.2,59.8,-,0.2,211000,12574200.0,11400,0,844,47400,0,1105,36000,0,261
20260902,6751,智聯服務,42.0,42.5,42.0,42.2,+,0.4,7000,295100.0,1000,0,0,2000,0,0,1000,0,0
20260902,6752,叡揚,97.0,97.2,97.0,97.0,,0.0,9000,873200.0,1000,0,0,1000,0,0,0,0,0
20260902,6761,穩得,185.5,190.0,185.5,185.5,-,2.5,204000,38228000.0,2000,0,-3074,52000,0,3000,50000,0,6074
20260902,6763,綠界科技*,41.35,41.35,41.0,41.0,-,0.35,134000,5507250.0,-6000,5000,899,16000,5000,3000,22000,0,2101
20260902,6785,昱展新藥,92.1,93.0,90.7,91.2,-,1.0,45000,4140000.0,15000,0,250,20000,0,1003,5000,0,753
20260902,6788,華景電,379.0,379.0,367.0,368.0,-,11.5,285000,105789000.0,-131970,-2000,-8364,23030,0,4001,155000,2000,12365
20260902,6791,虎門科技,100.5,101.0,99.2,100.5,-,0.5,15000,1503500.0,1000,0,-2,3000,0,0,2000,0,2
20260902,6803,崑鼎,271.5,271.5,269.5,269.5,-,0.5,42000,11353000.0,6000,0,0,20000,0,0,14000,0,0
20260902,6804,明係,18.5,18.5,18.4,18.4,-,0.05,68000,1252900.0,-5000,0,0,6000,0,0,11000,0,0
20260902,6811,宏碁資訊,223.5,225.0,223.5,224.5,-,2.0,32000,7180000.0,-7978,0,-286,8022,0,0,16000,0,286
20260902,6821,聯寶,42.7,42.7,41.3,42.0,-,0.75,111000,4638750.0,-18000,0,-254,16000,0,0,34000,0,254
20260902,6823,濾能,61.2,61.5,60.1,60.8,-,0.5,101000,6113900.0,22000,0,-517,32000,0,0,10000,0,517
20260902,6829,千附精密,255.0,256.5,241.5,243.0,-,8.0,1094000,272409500.0,-359716,0,-25681,158528,0,2382,518244,0,28063
20260902,6840,東研信超,93.0,93.7,89.0,92.3,-,0.2,488000,44701000.0,65140,0,-18089,218140,0,911,153000,0,19000
20260902,6841,長佳智能,54.3,54.3,53.5,53.6,-,0.7,120000,6449300.0,2000,0,-526,30000,0,0,28000,0,526
20260902,6843,進典,39.0,39.0,37.85,38.4,-,0.6,16000,616800.0,2000,0,-89,2000,0,0,0,0,89
20260902,6844,諾貝兒,60.0,60.2,59.8,60.2,,0.0,17000,1020100.0,1000,0,0,1000,0,0,0,0,0
20260902,6846,綠茵,58.9,58.9,57.5,58.1,-,0.3,8000,463100.0,-1000,0,0,0,0,0,1000,0,0
20260902,6859,伯特光,109.0,115.5,108.5,113.5,+,4.0,107000,12079000.0,29025,0,2924,42025,0,4225,13000,0,1301
20260902,6865,偉康科技,25.85,25.85,25.15,25.15,-,0.75,14000,355200.0,1000,0,0,1000,0,0,0,0,0
20260902,6870,騰雲,275.0,299.0,275.0,292.0,+,15.0,238000,68948000.0,51025,0,-12153,108000,0,3407,56975,0,15560
20260902,6872,浩宇生醫,14.45,15.4,14.35,15.4,+,1.4,97000,1464700.0,-6000,0,213,7000,0,1213,13000,0,1000
20260902,6874,倍力,84.3,84.3,83.0,83.6,,0.0,121000,10096000.0,-18000,0,0,3000,0,0,21000,0,0
20260902,6875,國邑*,32.7,32.7,30.45,32.7,-,0.25,178000,5602850.0,-8000,0,-19,10000,0,0,18000,0,19
20260902,6877,鏵友益,113.5,115.5,112.5,113.5,-,1.5,37000,4207000.0,2454,0,-2000,23454,0,0,21000,0,2000
20260902,6894,衛司特,351.5,356.0,348.5,356.0,+,0.5,48000,16915500.0,10000,0,645,19000,0,2033,9000,0,1388
20260902,6895,宏碩系統,164.0,166.0,159.5,161.5,-,6.0,99000,15987000.0,-8990,0,-524,22040,0,681,31030,0,1205
20260902,6899,創為精密,50.1,50.1,49.85,49.85,-,0.25,4000,199950.0,2000,0,0,2000,0,0,0,0,0
20260902,6903,巨漢,318.0,318.0,310.0,310.0,-,8.0,194000,60757000.0,-83458,0,-11836,13542,0,8000,97000,0,19836
20260902,6907,雅特力-KY,184.5,192.5,184.0,191.0,+,6.5,1198000,226030000.0,154489,0,5338,368369,0,13915,213880,0,8577
20260902,6910,德鴻,25.3,25.35,24.8,25.3,+,0.1,19000,478650.0,2000,0,0,3000,0,0,1000,0,0
20260902,6913,鴻呈,162.0,162.0,152.5,153.0,-,9.5,711000,111462000.0,98055,0,-20417,256065,0,4516,158010,0,24933
20260902,6922,宸曜,204.5,210.5,204.5,206.5,+,1.0,92000,19058000.0,14031,0,240,37031,0,440,23000,0,200
20260902,6925,意藍,50.5,50.6,50.3,50.6,-,0.3,12000,605100.0,2000,0,0,3000,0,0,1000,0,0
20260902,6945,圓祥生技,96.5,97.9,95.0,97.6,+,1.1,113000,10832000.0,-65000,0,0,6000,0,0,71000,0,0
20260902,6953,家碩,244.5,246.0,241.5,241.5,-,8.5,35000,8542000.0,-3000,0,-444,7000,0,0,10000,0,444
20260902,6967,汎瑋材料,73.2,73.2,72.0,72.0,-,0.6,31000,2241600.0,-9000,0,-508,1000,0,0,10000,0,508
20260902,6968,萬達寵物,41.4,41.7,41.4,41.7,+,0.05,21000,873150.0,-4000,0,-5200,0,0,0,4000,0,5200
20260902,6982,大井泵浦,47.55,48.55,47.55,48.2,+,0.65,35000,1674750.0,8000,0,0,8000,0,0,0,0,0
20260902,6983,華洋精機,351.0,351.0,344.0,345.5,-,10.0,37000,12825500.0,-3000,0,2542,4000,0,2577,7000,0,35
20260902,6986,和迅,42.8,42.95,42.05,42.5,-,0.4,37000,1574000.0,5000,0,0,5000,0,0,0,0,0
20260902,6996,力領科技,182.0,183.0,182.0,182.5,+,0.5,73000,13301000.0,4040,0,64,23040,0,64,19000,0,0
20260902,7402,邑錡,109.0,110.5,107.5,107.5,-,2.0,262000,28535500.0,-17574,0,0,26540,0,0,44114,0,0
20260902,7547,碩網,50.3,51.0,50.2,50.8,-,0.8,5000,253100.0,1000,0,0,1000,0,0,0,0,0
20260902,7556,意德士,247.5,257.0,247.5,252.5,-,0.5,22000,5547000.0,11000,0,788,18000,0,788,7000,0,0
20260902,7584,樂意,26.3,27.4,25.85,26.8,+,1.3,9000,239400.0,1000,0,0,1000,0,0,0,0,0
20260902,7642,昶瑞機電,76.8,77.0,75.9,77.0,-,0.1,9000,687500.0,-1000,0,0,1000,0,0,2000,0,0
20260902,7703,銳澤,181.0,181.0,179.0,179.0,-,3.5,63000,11308500.0,10289,0,306,19289,0,306,9000,0,0
20260902,7704,明遠精密,61.8,62.2,61.2,61.6,-,0.5,26000,1600200.0,-9000,0,0,0,0,0,9000,0,0
20260902,7709,榮田,72.7,75.0,72.0,73.6,+,1.1,124000,9062400.0,-40000,0,-1000,12000,0,0,52000,0,1000
20260902,7712,博盛半導體,155.5,155.5,152.0,152.5,-,2.5,112000,17132000.0,2000,0,-242,32000,0,1169,30000,0,1411
20260902,7714,創泓科技,170.0,171.5,165.0,168.0,+,0.5,200000,33785500.0,-1904,0,6817,31096,0,12000,33000,0,5183
20260902,7715,裕山,29.5,29.5,29.0,29.0,-,0.5,13000,379600.0,-4000,0,0,0,0,0,4000,0,0
20260902,7717,萊德光電-KY,423.0,434.0,421.0,423.0,-,6.5,86000,36679000.0,16000,0,-305,37000,0,211,21000,0,516
20260902,7718,友鋮,47.0,47.45,46.95,47.45,+,0.45,14000,659950.0,-4000,0,0,0,0,0,4000,0,0
20260902,7723,築間,18.95,19.05,18.7,18.85,-,0.25,74000,1392450.0,11000,0,0,14000,0,0,3000,0,0
20260902,7728,光焱科技,674.0,688.0,660.0,667.0,+,14.0,50000,33670000.0,8000,0,-21,22000,0,979,14000,0,1000
20260902,7734,印能科技,2850.0,2850.0,2790.0,2795.0,-,85.0,78000,219095000.0,-20985,0,-4136,20015,0,4999,41000,0,9135
20260902,7738,東聯互動,169.5,171.5,168.5,171.0,+,1.0,19000,3238500.0,7000,0,0,8000,0,0,1000,0,0
20260902,7744,崴寶,501.0,540.0,490.0,540.0,+,40.0,265000,137969500.0,149629,0,-4328,172185,0,3538,22556,0,7866
20260902,7751,竑騰,1615.0,1685.0,1555.0,1555.0,-,105.0,412000,660235000.0,-47767,0,-10815,84625,0,13856,132392,0,24671
20260902,7753,星亞,36.4,36.4,36.25,36.35,-,0.2,9000,327000.0,-1000,0,0,0,0,0,1000,0,0
20260902,7757,金色三麥,89.0,89.0,88.4,88.6,-,1.9,4000,354500.0,-1000,0,0,0,0,0,1000,0,0
20260902,7767,仁大資訊,44.6,45.0,44.55,45.0,+,0.45,33000,1475100.0,1000,0,0,1000,0,0,0,0,0
20260902,7770,君曜,35.05,35.85,34.85,35.85,-,0.15,17000,594750.0,4000,0,-1000,4000,0,0,0,0,1000
20260902,7772,耀穎,91.5,92.0,88.8,90.5,-,0.5,53000,4762800.0,-5000,0,-154,13000,0,225,18000,0,379
20260902,7777,能率亞洲,39.85,40.05,39.15,39.15,-,0.75,1163000,46019100.0,-205090,0,-489,140000,0,3020,345090,0,3509
20260902,7792,安葆,316.5,316.5,305.5,308.0,-,6.0,227000,70043000.0,-61342,0,-1681,33000,0,1181,94342,0,2862
20260902,7805,威聯通,514.0,525.0,513.0,523.0,+,13.0,77000,40032000.0,-12000,0,1477,19000,0,1477,31000,0,0
20260902,7810,捷創科技,223.0,228.0,219.5,222.0,+,1.5,68000,15174000.0,16208,0,6,30258,0,1006,14050,0,1000
20260902,7814,海昌生技,29.35,29.5,29.25,29.3,,0.0,36000,1057000.0,-3000,0,0,0,0,0,3000,0,0
20260902,7819,精誠金融,34.8,36.8,34.8,36.4,+,1.7,118000,4266050.0,-26000,0,0,16000,0,0,42000,0,0
20260902,7820,立盈,119.0,119.5,119.0,119.5,+,0.5,4000,477500.0,-1000,0,0,0,0,0,1000,0,0
20260902,7828,創新服務,1780.0,1810.0,1740.0,1760.0,-,50.0,129000,229355000.0,-7231,1000,9000,42045,1000,9000,49276,0,0
20260902,7842,天能綠電,97.1,99.7,97.0,98.9,-,1.1,33000,3215900.0,14000,0,0,19000,0,0,5000,0,0
20260902,8024,佑華,13.0,13.1,12.8,13.0,-,0.2,27000,348250.0,1000,0,-715,1000,0,653,0,0,1368
20260902,8027,鈦昇,186.0,189.0,181.0,182.0,-,3.0,2213000,408335500.0,-136120,0,-2767,561880,0,18098,698000,0,20865
20260902,8032,光菱,36.6,36.6,35.8,35.95,-,0.65,73000,2632450.0,7000,0,-726,9000,0,0,2000,0,726
20260902,8034,榮群,19.95,19.95,19.7,19.85,,0.0,24000,476200.0,5000,0,0,9000,0,0,4000,0,0
20260902,8038,長園科,31.6,31.9,31.45,31.6,-,0.4,89000,2811800.0,30000,0,-391,39000,0,0,9000,0,391
20260902,8040,九暘,82.9,82.9,82.9,82.9,+,7.5,744000,61677600.0,-23000,0,9846,0,0,9846,23000,0,0
20260902,8042,金山電,106.0,114.0,101.5,111.0,+,3.5,4403000,473885000.0,281100,0,25573,1321100,0,59973,1040000,0,34400
20260902,8043,蜜望實,142.5,144.5,142.0,142.0,-,5.0,1329000,189600000.0,-5720,0,-4578,231580,0,16226,237300,0,20804
20260902,8044,網家,24.25,24.4,23.95,24.25,,0.0,414000,10000500.0,-59914,0,389,78086,0,3000,138000,0,2611
20260902,8048,德勝,52.6,52.9,52.1,52.9,+,0.1,55000,2892500.0,-10000,0,764,11000,0,982,21000,0,218
20260902,8049,晶采,24.5,24.6,24.4,24.5,-,0.15,98000,2395400.0,13000,0,-1,17000,0,0,4000,0,1
20260902,8050,廣積,56.5,56.7,55.9,56.4,-,0.1,550000,30991000.0,95890,0,-7709,237000,0,1246,141110,0,8955
20260902,8054,安國,84.4,85.5,83.2,83.2,-,0.5,802000,67667200.0,-164915,0,131,167085,0,3249,332000,0,3118
20260902,8059,凱碩,13.2,13.6,13.2,13.5,-,0.05,181000,2428350.0,92000,0,312,99000,0,657,7000,0,345
20260902,8064,東捷,105.0,107.0,104.0,104.5,-,0.5,2294000,241681500.0,-418786,0,-25606,396197,0,15492,814983,0,41098
20260902,8068,全達,16.8,17.05,16.8,16.95,+,0.05,58000,983550.0,24000,0,-10,26000,0,0,2000,0,10
20260902,8069,元太,158.5,159.0,154.5,154.5,-,3.5,4865000,757778500.0,-1776704,313649,-18253,1577814,336000,103000,3354518,22351,121253
20260902,8071,能率網通,23.7,24.15,23.6,23.85,-,0.1,251000,5989400.0,53000,0,-289,93000,0,0,40000,0,289
20260902,8074,鉅橡,56.0,56.6,55.3,55.3,-,1.0,342000,19100300.0,31060,0,-57263,131060,0,661,100000,0,57924
20260902,8076,伍豐,22.4,22.65,22.25,22.35,,0.0,801000,17925600.0,-359405,0,-3251,79000,0,3000,438405,0,6251
20260902,8080,泰霖,28.75,29.35,28.6,29.35,+,0.35,14000,404200.0,0,0,3,0,0,3,0,0,0
20260902,8083,瑞穎,158.0,158.5,157.5,158.5,,0.0,38000,6010500.0,-22000,0,-7,0,0,0,22000,0,7
20260902,8084,巨虹,45.0,48.3,45.0,47.55,+,2.15,1337000,61382050.0,142000,0,-1,270000,0,0,128000,0,1
20260902,8085,福華,16.0,16.15,15.8,15.8,-,0.3,475000,7571100.0,73098,0,0,139112,0,0,66014,0,0
20260902,8086,宏捷科,121.5,122.5,117.0,117.0,-,6.0,5412000,643952000.0,-2717000,0,-181336,312000,0,62000,3029000,0,243336
20260902,8087,麗升能源,26.5,26.9,26.3,26.5,+,0.1,8000,212400.0,-1000,0,0,1000,0,0,2000,0,0
20260902,8088,品安,44.2,44.3,43.7,44.05,-,0.3,403000,17745750.0,68000,0,26,161000,0,2003,93000,0,1977
20260902,8089,康全電訊,17.6,17.75,17.3,17.45,+,0.05,50000,874950.0,2000,0,-25,9000,0,25,7000,0,50
20260902,8091,翔名,220.5,226.5,220.0,220.5,-,0.5,268000,59747000.0,-31652,0,-282,66348,0,0,98000,0,282
20260902,8092,建暐,13.1,13.1,12.9,13.1,+,0.05,15000,195150.0,1000,0,2,1000,0,2,0,0,0
20260902,8093,保銳,28.4,28.4,27.15,27.15,-,0.85,75000,2070700.0,-4000,0,0,0,0,0,4000,0,0
20260902,8096,擎亞,110.5,113.5,109.0,109.5,-,2.0,1766000,195468500.0,-112152,0,16488,533912,0,44343,646064,0,27855
20260902,8097,常珵,48.55,49.5,48.5,49.15,+,0.15,34000,1667050.0,14000,0,0,14000,0,0,0,0,0
20260902,8099,大世科,61.5,61.8,59.9,59.9,-,1.6,729000,44799600.0,-19000,0,-367,36000,0,0,55000,0,367
20260902,8107,大億金茂,12.3,12.5,12.3,12.35,-,0.15,16000,197900.0,3000,0,663,3000,0,1006,0,0,343
20260902,8109,博大,132.0,136.0,131.0,136.0,+,4.0,522000,69944000.0,-37795,23000,81499,189205,23000,82512,227000,0,1013
20260902,8111,立碁,75.0,78.5,73.4,76.4,+,1.0,45046000,3418719300.0,1679882,0,122438,10559304,0,505749,8879422,0,383311
20260902,8121,越峰,27.5,27.85,27.45,27.5,-,0.4,329000,9077350.0,-78286,0,1889,41728,0,2241,120014,0,352
20260902,8147,正淩,128.5,130.0,125.5,126.0,-,3.0,86000,10958500.0,-29499,0,-1835,26501,0,2000,56000,0,3835
20260902,8155,博智,365.0,372.0,364.0,369.0,-,0.5,501000,184244500.0,-22084,0,10949,159190,0,25265,181274,0,14316
20260902,8171,天宇,20.35,20.35,19.65,19.7,-,0.4,125000,2478250.0,-39000,0,0,6000,0,0,45000,0,0
20260902,8176,智捷,10.0,10.0,9.94,9.94,+,0.05,10000,99510.0,-2000,0,0,0,0,0,2000,0,0
20260902,8182,加高,40.8,41.3,39.75,39.75,-,0.8,430000,17322500.0,-127300,0,-3374,51700,0,267,179000,0,3641
20260902,8183,精星,29.2,29.25,28.9,29.2,,0.0,146000,4242650.0,13999,0,-2538,37000,0,1000,23001,0,3538
20260902,8227,巨有科技,161.5,167.0,160.5,160.5,-,3.5,375000,61020500.0,-21572,0,-4449,68428,0,2805,90000,0,7254
20260902,8234,新漢,68.3,69.5,68.2,68.2,-,0.1,426000,29306000.0,128130,0,4847,191130,0,6042,63000,0,1195
20260902,8240,華宏,48.9,52.0,48.6,50.7,+,1.8,3026000,152301500.0,-606000,0,1399,424000,0,10349,1030000,0,8950
20260902,8255,朋程,149.5,150.0,146.5,146.5,-,3.5,257000,38018500.0,46122,0,-4871,82122,0,1020,36000,0,5891
20260902,8277,商丞,7.55,8.48,7.55,8.0,-,0.03,541000,4340390.0,-3001,0,0,27000,0,0,30001,0,0
20260902,8279,生展,78.8,80.0,78.1,79.6,,0.0,161000,12677200.0,22000,0,-2,25000,0,8,3000,0,10
20260902,8284,三竹,66.2,66.2,65.8,65.8,-,0.5,32000,2111500.0,0,0,-10,0,0,4000,0,0,4010
20260902,8289,泰藝,46.5,47.5,46.5,47.4,+,0.3,230000,10847050.0,50000,0,629,119000,0,629,69000,0,0
20260902,8291,尚茂,33.0,33.0,33.0,33.0,,0.0,4000,132000.0,-1000,0,0,0,0,0,1000,0,0
20260902,8299,群聯,2100.0,2115.0,2060.0,2065.0,-,60.0,2900000,6012630000.0,484437,-128513,13653,1347251,2600,156307,862814,131113,142654
20260902,8349,恒耀,39.05,39.1,38.7,38.7,-,0.4,88000,3417850.0,15000,0,61,16000,0,61,1000,0,0
20260902,8354,冠好,17.2,17.85,17.1,17.7,+,0.4,303000,5341700.0,30000,0,-279,38000,0,1721,8000,0,2000
20260902,8358,金居,515.0,521.0,503.0,503.0,-,23.0,5342000,2739882000.0,482416,-266000,-153178,1214565,64000,92000,732149,330000,245178
20260902,8383,千附,67.0,67.2,65.8,65.8,-,1.0,936000,61914000.0,-293812,0,-85742,167188,0,1451,461000,0,87193
20260902,8390,金益鼎,98.4,98.4,97.1,97.4,-,1.3,310000,30220000.0,-53526,0,-13022,70000,0,1000,123526,0,14022
20260902,8401,白紗科,22.75,22.8,22.75,22.75,,0.0,33000,751050.0,14000,0,0,14000,0,0,0,0,0
20260902,8403,盛弘,19.0,19.1,18.95,19.05,-,0.05,67000,1273700.0,-8000,0,0,0,0,0,8000,0,0
20260902,8410,森田,30.25,30.5,30.25,30.45,-,0.05,15000,456650.0,6000,0,-5081,7000,0,0,1000,0,5081
20260902,8415,大國鋼,37.1,37.5,37.1,37.25,+,0.1,333000,12433550.0,62212,0,44510,212100,0,45000,149888,0,490
20260902,8421,旭源,12.9,13.15,12.85,13.1,,0.0,72000,934950.0,7000,0,-200,27000,0,800,20000,0,1000
20260902,8423,保綠-KY,17.95,18.15,17.95,18.0,+,0.05,46000,831000.0,5000,0,0,5000,0,0,0,0,0
20260902,8426,紅木-KY,21.0,21.1,20.7,21.1,+,0.05,28000,585950.0,4000,0,0,5000,0,0,1000,0,0
20260902,8431,匯鑽科,54.3,59.8,54.1,59.8,+,5.4,3177000,186577500.0,636400,0,16406,1158400,0,25252,522000,0,8846
20260902,8432,東生華,50.5,50.8,50.5,50.6,+,0.1,19000,962900.0,1000,0,0,1000,0,0,0,0,0
20260902,8433,弘帆,55.1,55.2,55.1,55.2,-,0.2,2000,110300.0,-1000,0,0,0,0,0,1000,0,0
20260902,8435,鉅邁,53.2,53.7,53.2,53.7,+,0.1,18000,964600.0,5000,0,-100,6000,0,0,1000,0,100
20260902,8436,大江,115.0,115.0,113.0,114.0,-,1.5,723000,82391000.0,-96950,0,-3939,64050,0,14000,161000,0,17939
20260902,8437,大地-KY,9.1,9.2,9.1,9.19,-,0.02,29000,266250.0,13000,0,0,13000,0,0,0,0,0
20260902,8440,綠電,20.2,20.2,20.0,20.15,-,0.05,44000,882000.0,2000,0,0,3000,0,0,1000,0,0
20260902,8446,華研,85.2,85.3,84.8,85.2,+,0.2,35000,2976600.0,6000,0,511,14000,0,1000,8000,0,489
20260902,8450,霹靂,14.5,14.65,14.5,14.65,+,0.15,2000,29150.0,-1000,0,0,0,0,0,1000,0,0
20260902,8472,夠麻吉,67.5,67.8,67.5,67.7,+,1.0,7000,473800.0,2000,0,0,3000,0,0,1000,0,0
20260902,8477,創業家,15.3,15.3,15.3,15.3,,0.0,5000,76500.0,0,0,2,0,0,2,0,0,0
20260902,8489,三貝德,22.05,22.1,21.8,21.8,-,0.45,57000,1248050.0,5000,0,1994,5000,0,2000,0,0,6
20260902,8905,裕國,34.0,34.0,34.0,34.0,-,0.6,17000,578000.0,-17000,0,0,0,0,0,17000,0,0
20260902,8906,花王,28.65,28.7,28.65,28.65,,0.0,10000,286600.0,2000,0,106,2000,0,106,0,0,0
20260902,8908,欣雄,40.85,41.9,40.7,41.4,+,0.55,126000,5188600.0,39000,0,-200,39000,0,900,0,0,1100
20260902,8916,光隆,41.2,41.3,40.8,41.0,+,0.1,74000,3044850.0,-3000,0,-80,23000,0,0,26000,0,80
20260902,8924,大田,50.3,50.4,50.0,50.2,-,0.3,88000,4414000.0,31000,-2375,-204,32000,0,2000,1000,2375,2204
20260902,8927,北基,19.8,19.8,19.45,19.55,+,0.15,45000,882700.0,-6000,0,166,15000,0,166,21000,0,0
20260902,8928,鉅明,24.3,24.65,24.25,24.45,-,0.15,32000,785550.0,-1000,0,0,0,0,0,1000,0,0
20260902,8930,青鋼,30.0,30.0,29.9,30.0,-,0.05,25000,749550.0,-10000,0,0,0,0,0,10000,0,0
20260902,8931,大汽電,41.35,41.5,41.0,41.2,-,0.2,48000,1979550.0,1000,0,848,2000,0,1000,1000,0,152
20260902,8932,智通*,93.0,93.0,90.3,90.8,-,2.9,1645000,150295000.0,-743470,0,-157864,281530,0,36457,1025000,0,194321
20260902,8933,愛地雅,4.7,4.7,4.6,4.68,-,0.02,71000,328190.0,-9000,0,0,0,0,0,9000,0,0
20260902,8935,邦泰,18.05,18.1,17.8,18.1,+,0.05,188000,3374250.0,13000,0,-1,27000,0,0,14000,0,1
20260902,8936,國統,51.0,51.0,50.6,50.9,+,0.1,539000,27385000.0,-13000,0,104990,92000,0,111000,105000,0,6010
20260902,8937,合騏*,28.55,29.6,28.55,29.6,+,0.1,802000,23686700.0,16000,0,-719731,21000,0,7269,5000,0,727000
20260902,8938,明安,50.6,50.9,50.5,50.9,+,0.1,83000,4208300.0,14000,-4173,913,15000,0,1000,1000,4173,87
20260902,8942,森鉅,42.15,42.15,41.65,42.0,-,0.15,112000,4694050.0,-8000,0,314,14000,0,1000,22000,0,686
20260902,9949,琉園,24.1,24.1,24.05,24.05,,0.0,9000,216650.0,2000,0,-109,2000,0,0,0,0,109
20260902,9951,皇田,54.7,54.7,54.2,54.3,-,0.3,211000,11490800.0,-66000,0,740,1000,0,1000,67000,0,260
20260902,9962,有益,10.3,10.35,10.25,10.3,-,0.1,50000,515150.0,1000,0,0,2000,0,0,1000,0,0
